ID da resposta;Data de submissão;Última página;Idioma inicial;Semente;Data de início;Data da última acção;ID;Age;Sex;Género [Outro];Nível de formação musical (indica o nível mais elevado que obtiveste);Nível de formação musical (indica o nível mais elevado que obtiveste) [Outro];Se te encontras a estudar, frequentas algum curso de música?;Anos de instrução formal na prática de um instrumento musical (incluindo a voz);Anos de prática regular de um instrumento musical (incluindo a voz);Anos de instrução formal em teoria musical;Anos de prática improvisatória;Horas de prática musical por dia (média);Número aproximado de performances/atuações jazz ao vivo ;Número aproximado de performances/atuações musicais ao vivo;Género musical dominante;Género musical dominante [Outro]; [A minha mente desliga-se frequentemente daquilo que me rodeia]; [Enquanto realizo uma tarefa, a minha mente está frequentemente a pensar noutras coisas]; [Estou frequentemente absorvido com os meus próprios pensamentos]; [Os meus pensamentos viajam frequentemente no tempo (pensando no passado ou futuro)]; [Imagino frequentemente que estou num outro lugar]; [Imagino frequentemente o que os outros estão a pensar ou sentir]; [Os meus pensamentos parecem ter uma vida própria]; [Os meus pensamentos saltam facilmente de um assunto para o outro]; [O conteúdo dos meus pensamentos é muito variado]; [Passo grande parte do dia a sonhar acordado]; [Tenho curiosidade por estilos musicais que não me são familiares, e quero saber mais sobre eles.]; [Dificilmente consigo detetar erros na interpretação de uma canção, mesmo quando conheço a melodia.]; [Consigo perceber quando alguém está a cantar ou tocar fora de tempo.]; [Consigo comparar e discutir diferenças entre duas versões ou interpretações da mesma peça de música.]; [Frequentemente escolho certas músicas para me motivar ou estimular.]; [A música raramente desperta emoções em mim.]; [Depois de ouvir uma canção nova duas ou três vezes, em geral consigo cantá-la sem ajuda.]; [Consigo acertar nas notas quando canto com uma gravação.];Com qual das seguintes definições de criatividade mais te identificas? Escolhe apenas uma opção. Não há respostas certas ou erradas.;Com qual das seguintes definições de criatividade mais te identificas? Escolhe apenas uma opção. Não há respostas certas ou erradas. [Outro]
3;2025-02-03 18:24:30;5;pt;1548506725;2025-02-03 17:19:02;2025-02-03 18:24:30;oa07D;29;Masculino;;Outro;Mestrado em Ensino de Música, ramo Jazz na vertente de Bateria, ESMAE;Sim;21;≈10;16;12;4;Cerca de 400+;Cerca de 700+;Jazz;;Discordo;Discordo;Concordo;Concordo;Discordo Totalmente;Discordo Totalmente;Concordo;Discordo;Concordo Totalmente;Discordo;Concordo;Não concordo nem discordo;Concordo bastante;Concordo bastante;Discordo bastante;Discordo;Não concordo nem discordo;Não concordo nem discordo;Outro;A criatividade simplesmente é. Existe em todos nós, mas nem todos sabem como geri-la ou compreende-la.da-nos confiança e tanto pode vir de algo novo como usado. Na verdade muitas vezes, ambas se misturam ao original algo diferente.
4;2025-02-03 17:31:04;5;pt;1684837189;2025-02-03 17:23:13;2025-02-03 17:31:04;oa03B;35;Masculino;;Licenciatura em música (1º ciclo);;Não;17;17;14;14;5;110;110;Jazz;;Discordo;Discordo;Concordo;Concordo;Discordo Totalmente;Discordo;Discordo Totalmente;Discordo;Discordo;Discordo;Não concordo nem discordo;Discordo bastante;Concordo totalmente;Concordo bastante;Não concordo nem discordo;Discordo totalmente;Não concordo nem discordo;Não concordo nem discordo;A criatividade é a expressão de algo novo/original e apropriado ao contexto em que esta expressão ocorre;
5;2025-02-03 17:32:49;5;pt;1717843561;2025-02-03 17:24:24;2025-02-03 17:32:49;OA05M;26;Masculino;;Licenciatura em música (1º ciclo);;Não;18 anos;18 anos;18 anos;12 anos;3 horas;entre 70 a 100 por ano;entre 70 a 100 por ano;Outro;Jazz e improv music;Concordo;Discordo;Concordo;Concordo;Discordo;Discordo;Concordo;Concordo;Discordo;Discordo;Concordo;Discordo bastante;Concordo;Concordo;Concordo;Discordo totalmente;Não concordo nem discordo;Não concordo nem discordo;A criatividade é a expressão de uma nova combinação mental;
6;2025-02-03 18:30:29;5;pt;1944482040;2025-02-03 17:33:36;2025-02-03 18:30:29;LA06H;26;Masculino;;Licenciatura em música (1º ciclo);;Não;15;22;10;12;3;450;500;Jazz;;Concordo;Concordo;Concordo;Concordo;Discordo;Concordo;Concordo Totalmente;Discordo;Concordo;Concordo;Concordo bastante;Discordo totalmente;Concordo totalmente;Concordo totalmente;Concordo totalmente;Discordo totalmente;Concordo bastante;Concordo totalmente;A criatividade é a expressão de algo novo/original;
7;2025-02-04 12:22:29;5;pt;655380995;2025-02-04 12:04:21;2025-02-04 12:22:29;MM04M;29;Masculino;;Licenciatura em música (1º ciclo);;Não;13;15;13;8;2;200;400;Jazz;;Concordo;Concordo;Concordo;Concordo;Concordo;Concordo Totalmente;Discordo;Discordo;Concordo Totalmente;Concordo;Concordo bastante;Discordo bastante;Concordo bastante;Concordo;Concordo totalmente;Discordo bastante;Concordo;Discordo;A criatividade é a expressão de uma nova combinação mental;
8;2025-02-04 12:25:32;5;pt;1749008681;2025-02-04 12:04:38;2025-02-04 12:25:32;BB04B;33;Masculino;;Licenciatura em música (1º ciclo);;Não;8;17;5;17;7;250;100;Jazz;;Concordo;Discordo;Concordo;Concordo;Discordo Totalmente;Discordo;Concordo;Concordo;Concordo;Discordo Totalmente;Concordo bastante;Discordo totalmente;Concordo totalmente;Concordo totalmente;Concordo;Discordo totalmente;Concordo;Concordo totalmente;A criatividade é a expressão de algo novo/original e apropriado ao contexto em que esta expressão ocorre;
9;2025-02-04 13:39:08;5;pt;368773427;2025-02-04 12:30:12;2025-02-04 13:39:08;hh04H;27;Masculino;;Licenciatura em música (1º ciclo);;Não;16 anos;16 anos;7 anos;7 anos;1/2 horas;200;300;Jazz;;Concordo;Concordo;Concordo Totalmente;Concordo;Concordo;Discordo;Concordo;Concordo;Concordo;Concordo;Concordo bastante;Discordo totalmente;Concordo totalmente;Concordo totalmente;Concordo;Discordo totalmente;Concordo bastante;Concordo totalmente;A criatividade é a expressão de algo novo/original;
10;2025-02-04 16:15:10;5;pt;1933489699;2025-02-04 15:48:44;2025-02-04 16:15:10;ea09D;29;Masculino;;Licenciatura em música (1º ciclo);;Não;22;22;22;15;30min;250;800;Pop music;;Discordo;Discordo;Discordo;Concordo;Discordo;Discordo;Discordo;Discordo;Concordo;Discordo Totalmente;Não concordo nem discordo;Discordo bastante;Concordo totalmente;Concordo bastante;Concordo totalmente;Discordo totalmente;Concordo;Concordo bastante;A criatividade é a expressão de algo novo/original e apropriado ao contexto em que esta expressão ocorre;
11;2025-02-04 17:24:28;5;pt;133915263;2025-02-04 16:10:48;2025-02-04 17:24:28;Ao07tM;23;Masculino;;Licenciatura em música (1º ciclo);;Sim;11;14;11;6;2;150;50;Jazz;;Discordo Totalmente;Discordo Totalmente;Concordo;Concordo;Discordo;Concordo;Discordo;Concordo;Concordo;Discordo;Concordo bastante;Discordo;Concordo totalmente;Concordo;Concordo bastante;Discordo totalmente;Discordo;Concordo;A criatividade é a expressão de uma nova combinação mental;
12;2025-02-04 16:52:04;5;pt;1353549209;2025-02-04 16:43:00;2025-02-04 16:52:04;oa11D;29;Masculino;;Licenciatura em música (1º ciclo);;Não;5;15;5;9;3;250;600;Jazz;;Concordo;Discordo;Discordo;Discordo;Discordo;Discordo;Discordo;Discordo;Concordo;Discordo;Concordo bastante;Discordo;Concordo bastante;Concordo;Concordo bastante;Discordo totalmente;Não concordo nem discordo;Concordo;A criatividade é a expressão de algo novo/original e apropriado ao contexto em que esta expressão ocorre;
13;2025-02-04 16:49:50;5;pt;1427581659;2025-02-04 16:43:25;2025-02-04 16:49:50;Oa08H;26;Masculino;;Licenciatura em música (1º ciclo);;Não;6 anos;16;6 anos;15 anos;6h;350;400;Jazz;;Discordo;Concordo;Concordo;Discordo;Discordo Totalmente;Concordo Totalmente;Concordo;Concordo;Concordo Totalmente;Discordo Totalmente;Concordo totalmente;Discordo bastante;Concordo bastante;Concordo bastante;Concordo bastante;Discordo totalmente;Concordo;Concordo bastante;A criatividade é a expressão de algo novo/original e apropriado ao contexto em que esta expressão ocorre;
14;2025-02-04 17:08:33;5;pt;901931596;2025-02-04 16:50:32;2025-02-04 17:08:33;Bb04tB;26;Masculino;;Licenciatura em música (1º ciclo);;Não;10;8;10;8;30 minutos;150;300;Outro;Pimba ;Concordo;Concordo;Concordo;Concordo;Discordo;Concordo;Discordo;Concordo;Concordo;Discordo;Concordo totalmente;Discordo;Concordo bastante;Concordo bastante;Concordo totalmente;Discordo totalmente;Concordo bastante;Concordo totalmente;A criatividade é a expressão de algo novo/original e apropriado ao contexto em que esta expressão ocorre;
15;2025-03-05 22:55:06;5;pt;1874929962;2025-03-05 22:47:54;2025-03-05 22:55:06;OL12;25;Masculino;;Mestrado em música (2º ciclo);;Não;18;18;18;10;2;300;700;Jazz;;Concordo;Concordo;Concordo;Concordo Totalmente;Concordo Totalmente;Concordo Totalmente;Concordo;Discordo;Concordo;Concordo;Concordo totalmente;Discordo totalmente;Concordo totalmente;Concordo totalmente;Concordo totalmente;Discordo totalmente;Concordo;Concordo totalmente;A criatividade é a expressão de algo novo/original e apropriado ao contexto em que esta expressão ocorre;
17;2025-06-04 01:06:20;5;pt;413145506;2025-06-04 00:47:03;2025-06-04 01:06:20;BC02;18;Feminino;;Nível secundário (8º grau);;Sim;3/4;15;12;4;0;30~;40/45~;Heavy metal & punk;;Concordo Totalmente;Concordo Totalmente;Concordo Totalmente;Concordo Totalmente;Discordo;Discordo;Discordo;Concordo Totalmente;Concordo Totalmente;Concordo Totalmente;Concordo bastante;Discordo totalmente;Concordo totalmente;Concordo totalmente;Concordo totalmente;Discordo totalmente;Concordo totalmente;Concordo totalmente;Outro;"A criatividade é uma associação de contextos e pretextos pré existentes que são associados de forma a criar coisas ""novas"". Nada é novo, nada é original, pelo menos não atualmente. Já foi tudo feito. A criatividade, é apenas uma forma de se adquirir uma informação que não nos foi transmitida por terceiros."
18;2025-06-30 11:01:51;5;pt;617355360;2025-06-30 10:55:33;2025-06-30 11:01:51;Jsax2;17;Masculino;;Nível básico (5º grau);;Sim;10;3;10;2;4;30;200;Jazz;;Discordo;Concordo;Concordo;Concordo;Discordo;Concordo;Discordo;Discordo;Discordo;Discordo;Não concordo nem discordo;Concordo bastante;Concordo totalmente;Concordo totalmente;Concordo totalmente;Discordo totalmente;Concordo totalmente;Concordo;A criatividade é a expressão de uma nova combinação mental;
19;2025-06-30 11:21:40;5;pt;239371989;2025-06-30 11:12:45;2025-06-30 11:21:40;Jpiano1;16;Masculino;;Nível básico (5º grau);;Sim;8anos;2 anos;6anos;1 ano e meio;3~5 Horas;15;100;Jazz;;Concordo;Discordo;Concordo Totalmente;Concordo;Concordo;Concordo;Concordo;Concordo Totalmente;Discordo;Discordo;Concordo bastante;Não concordo nem discordo;Concordo bastante;Concordo bastante;Concordo bastante;Discordo totalmente;Concordo;Concordo bastante;A criatividade é a expressão de algo novo/original e apropriado ao contexto em que esta expressão ocorre;
20;2025-06-30 11:24:38;5;pt;1134675392;2025-06-30 11:19:22;2025-06-30 11:24:38;Jbass1;15;Masculino;;Nível básico (5º grau);;Sim;7;7;7;1;~4;15;30;Jazz;;Discordo Totalmente;Discordo Totalmente;Concordo;Discordo;Concordo;Concordo Totalmente;Concordo Totalmente;Concordo Totalmente;Discordo;Concordo Totalmente;Concordo totalmente;Discordo bastante;Concordo bastante;Concordo bastante;Concordo bastante;Discordo totalmente;Discordo;Discordo bastante;A criatividade é a expressão de uma nova combinação mental;
21;2025-06-30 13:02:18;5;pt;863045968;2025-06-30 11:26:23;2025-06-30 13:02:18;Jguitar6;19;Masculino;;Nenhum;;Sim;1 ano;1 ano;1 ano;1 ano;2/3;9/10;4/5;Outro;Fusion;Concordo;Discordo;Discordo;Discordo;Discordo Totalmente;Discordo Totalmente;Discordo;Discordo;Discordo;Discordo;Concordo totalmente;Não concordo nem discordo;Concordo bastante;Concordo bastante;Concordo totalmente;Concordo totalmente;Concordo bastante;Concordo;A criatividade é a expressão de algo novo/original e apropriado ao contexto em que esta expressão ocorre;
22;2025-06-30 12:03:13;5;pt;159937579;2025-06-30 11:29:22;2025-06-30 12:03:13;Jsax3;18;Masculino;;Nível secundário (8º grau);;Sim;10;10;14;3;2;40;100;Jazz;;Discordo Totalmente;Discordo;Discordo Totalmente;Concordo;Concordo;Concordo;Discordo Totalmente;Discordo;Concordo;Discordo;Concordo totalmente;Discordo bastante;Concordo totalmente;Concordo totalmente;Concordo totalmente;Discordo totalmente;Concordo bastante;Concordo;A criatividade é a expressão de algo novo/original e apropriado ao contexto em que esta expressão ocorre;
23;2025-06-30 12:02:48;5;pt;78564436;2025-06-30 11:48:17;2025-06-30 12:02:48;Jpiano2;17;Masculino;;Nível secundário (8º grau);;Sim;7 anos;2 anos;1 ano;2 anos;1/2 horas;20;45;Pop music;;Discordo;Concordo;Concordo;Concordo;Discordo;Concordo;Concordo Totalmente;Concordo;Concordo;Discordo;Concordo bastante;Discordo bastante;Concordo totalmente;Concordo;Concordo totalmente;Discordo bastante;Discordo;Concordo bastante;A criatividade é a expressão de uma nova combinação mental;
24;2025-06-30 11:58:56;5;pt;1050869988;2025-06-30 11:49:54;2025-06-30 11:58:56;Jguitar4;17;Masculino;;Nenhum;;Sim;7anos;5anos;7anos;2anos;5h;10;15;Jazz;;Discordo;Concordo;Concordo Totalmente;Concordo;Concordo;Discordo;Discordo;Discordo;Discordo;Concordo Totalmente;Concordo;Discordo bastante;Concordo bastante;Concordo;Concordo;Discordo totalmente;Discordo bastante;Não concordo nem discordo;Outro;A criatividade surge do que nos afeta mentalmente e fisicamente, de influencia de acontecimentos, estudos, ou contexto.
25;2025-06-30 12:29:04;5;pt;246992252;2025-06-30 11:58:41;2025-06-30 12:29:04;Jguitar5;17;Masculino;;Nível secundário (8º grau);;Sim;2 anos;3 anos;2 anos;2 anos e meio;2 horas;5;10;Rock music;;Discordo;Concordo;Concordo;Concordo Totalmente;Concordo;Concordo;Concordo;Discordo;Concordo;Concordo;Não concordo nem discordo;Discordo;Concordo totalmente;Concordo;Concordo bastante;Discordo totalmente;Discordo;Concordo bastante;A criatividade é a expressão de algo novo/original e apropriado ao contexto em que esta expressão ocorre;
27;2025-06-30 12:23:45;5;pt;386250735;2025-06-30 12:17:17;2025-06-30 12:23:45;Jpiano3;18;Masculino;;Nível secundário (8º grau);;Sim;7;3;7;2;3;30;10;Jazz;;Concordo;Concordo Totalmente;Concordo;Concordo;Concordo Totalmente;Concordo;Concordo Totalmente;Concordo Totalmente;Concordo Totalmente;Concordo;Concordo totalmente;Discordo bastante;Concordo bastante;Concordo totalmente;Concordo totalmente;Discordo totalmente;Concordo;Concordo bastante;Outro;A criatividade é a expressão de um conjunto de ideias diretas e indiretas que vêm tanto do nosso consciente, como do inconsciente.
28;2025-06-30 13:00:49;5;pt;1539111463;2025-06-30 12:51:09;2025-06-30 13:00:49;Jsax5;18;Masculino;;Nível secundário (8º grau);;Sim;8 anos;8 anos;7 anos;3 anos;30 min;10;10;Jazz;;Concordo;Concordo;Concordo Totalmente;Discordo;Discordo;Discordo;Discordo;Concordo Totalmente;Concordo;Concordo;Concordo;Discordo bastante;Concordo bastante;Concordo totalmente;Concordo bastante;Discordo bastante;Concordo;Concordo totalmente;A criatividade é a expressão de uma nova combinação mental;
29;2025-06-30 13:03:03;5;pt;392998537;2025-06-30 12:53:28;2025-06-30 13:03:03;Jsax1;16;Masculino;;Nível básico (5º grau);;Sim;6 anos;4 anos;6 anos;1 ano;2 horas;10;25;Jazz;;Concordo;Discordo;Concordo Totalmente;Concordo Totalmente;Concordo;Concordo;Concordo;Concordo;Concordo Totalmente;Concordo;Concordo totalmente;Discordo bastante;Concordo bastante;Concordo totalmente;Concordo totalmente;Discordo bastante;Concordo;Concordo bastante;A criatividade é a expressão de algo novo/original e apropriado ao contexto em que esta expressão ocorre;
30;2025-06-30 13:40:04;5;pt;593533476;2025-06-30 13:15:23;2025-06-30 13:40:04;Jvoice1;17;Feminino;;Nível secundário (8º grau);;Sim;2;7;1;1;1h30/2;7;25;Jazz;;Concordo;Discordo;Concordo;Concordo Totalmente;Concordo;Concordo;Concordo Totalmente;Concordo Totalmente;Concordo Totalmente;Concordo;Concordo totalmente;Discordo;Concordo;Não concordo nem discordo;Concordo bastante;Discordo totalmente;Não concordo nem discordo;Concordo;A criatividade é a expressão de uma nova combinação mental;
31;2025-06-30 13:22:37;5;pt;718053744;2025-06-30 13:17:05;2025-06-30 13:22:37;Jvoice10;18;Não-binário;;Nível secundário (8º grau);;Sim;12;12;10;2;3;6;54;Pop music;;Discordo;Concordo Totalmente;Concordo;Concordo;Discordo;Concordo Totalmente;Concordo Totalmente;Concordo Totalmente;Concordo Totalmente;Discordo Totalmente;Concordo;Discordo bastante;Concordo totalmente;Concordo bastante;Concordo totalmente;Discordo totalmente;Concordo;Concordo totalmente;A criatividade é a expressão de uma nova combinação mental;
32;2025-06-30 13:32:14;5;pt;846127928;2025-06-30 13:25:18;2025-06-30 13:32:14;Jguitar8;19;Masculino;;Nenhum;;Sim;3 anos;5 anos;4 anos;3 anos;Inexistente no momento ;15;20;Outro;Jazz, hip Hop, fado;Discordo;Concordo;Concordo;Concordo;Discordo;Concordo;Concordo;Concordo;Concordo Totalmente;Concordo;Concordo;Discordo;Concordo bastante;Concordo bastante;Concordo totalmente;Discordo totalmente;Concordo bastante;Concordo bastante;Outro;A creatividade é algo bastante pessoal que na minha opinião deve ser baseado na honestidade pessoal de cada indivíduo para consigo mesmo
33;2025-06-30 14:17:13;5;pt;171320747;2025-06-30 13:47:30;2025-06-30 14:17:13;Jdrum6;17;Masculino;;Nível secundário (8º grau);;Sim;10 anos;12 anos;3 anos;6 anos;4h;20;45;Jazz;;Discordo Totalmente;Discordo;Discordo;Concordo Totalmente;Discordo Totalmente;Concordo;Discordo Totalmente;Discordo;Concordo;Discordo Totalmente;Concordo bastante;Discordo bastante;Concordo totalmente;Concordo bastante;Concordo totalmente;Discordo totalmente;Concordo bastante;Concordo bastante;A criatividade é a expressão de algo novo/original;
34;2025-06-30 14:06:46;5;pt;1928863057;2025-06-30 13:57:37;2025-06-30 14:06:46;Jvoice9;17;Feminino;;Nenhum;;Sim;2;2;2;1;2;10;15;Outro;Jazz rock blues ;Concordo;Concordo;Concordo;Concordo;Discordo Totalmente;Discordo;Discordo;Discordo;Concordo;Discordo;Concordo;Discordo totalmente;Concordo;Concordo;Concordo;Discordo totalmente;Concordo;Concordo;Outro;Criativo é a capacidade de cria algo nosso 
35;2025-06-30 14:08:37;5;pt;659063066;2025-06-30 14:00:59;2025-06-30 14:08:37;Jvoice8;16;Feminino;;Nível secundário (8º grau);;Sim;3 anos;2 anos;2 anos;2 anos;2hrs;17;25;Outro;Bossa nova;Concordo;Concordo;Concordo;Concordo;Discordo;Concordo Totalmente;Discordo;Concordo;Concordo;Discordo;Não concordo nem discordo;Concordo;Concordo bastante;Concordo;Concordo;Discordo;Concordo;Concordo;A criatividade é a expressão de algo novo/original e apropriado ao contexto em que esta expressão ocorre;
36;2025-06-30 15:55:18;5;pt;619196464;2025-06-30 15:48:24;2025-06-30 15:55:18;Jvoice5;17;Feminino;;Nível básico (5º grau);;Sim;1 Ano;1 Ano;1 Ano;1 Ano;1 H;10;20;Jazz;;Concordo Totalmente;Concordo;Discordo Totalmente;Discordo;Discordo;Discordo Totalmente;Discordo;Concordo;Concordo;Concordo;Concordo bastante;Discordo bastante;Concordo totalmente;Concordo;Não concordo nem discordo;Discordo totalmente;Concordo totalmente;Concordo;Nenhuma;
37;2025-06-30 16:04:39;5;pt;1171590026;2025-06-30 15:50:25;2025-06-30 16:04:39;Jguitar7;17;Masculino;;Nenhum;;Sim;2 anos;7 anos;2 anos;2 anos;5 horas;6;20;Jazz;;Discordo;Discordo;Concordo;Concordo;Discordo Totalmente;Discordo Totalmente;Discordo Totalmente;Concordo Totalmente;Concordo Totalmente;Discordo Totalmente;Concordo totalmente;Discordo totalmente;Concordo totalmente;Concordo totalmente;Concordo bastante;Discordo totalmente;Não concordo nem discordo;Concordo;A criatividade é a expressão de algo novo/original;
38;2025-06-30 16:07:33;5;pt;501871314;2025-06-30 15:57:45;2025-06-30 16:07:33;Jdrum3;18;Masculino;;Nível básico (5º grau);;Sim;2;3;2;2;3;15;50;Jazz;;Concordo Totalmente;Concordo;Concordo;Concordo Totalmente;Discordo;Concordo Totalmente;Concordo;Concordo Totalmente;Concordo Totalmente;Discordo;Concordo totalmente;Concordo;Concordo bastante;Concordo bastante;Concordo bastante;Discordo totalmente;Concordo bastante;Concordo bastante;A criatividade é a expressão de algo novo/original;
39;2025-06-30 16:35:05;5;pt;2047963223;2025-06-30 16:20:11;2025-06-30 16:35:05;aa09;15;Feminino;;Nenhum;;Sim;1 ano;12 anos;1 ano;1 ano;13;3;5;Outro;Pop, K-pop, Dance, Grunge, Jazz, pop, punk ;Concordo;Concordo Totalmente;Concordo;Concordo Totalmente;Concordo;Concordo Totalmente;Concordo;Concordo;Concordo;Discordo;Concordo;Discordo;Não concordo nem discordo;Não concordo nem discordo;Concordo totalmente;Discordo;Concordo;Concordo;A criatividade é a expressão de algo novo/original e apropriado ao contexto em que esta expressão ocorre;
40;2025-06-30 16:33:44;5;pt;883070357;2025-06-30 16:21:47;2025-06-30 16:33:44;Jdrum2;17;Masculino;;Nível básico (5º grau);;Sim;14;0,5(5meses);14;2;4;2 por meses;2 por semana;Jazz;;Concordo Totalmente;Concordo Totalmente;Concordo;Concordo;Concordo;Concordo;Discordo;Concordo;Concordo Totalmente;Discordo;Concordo;Concordo bastante;Concordo totalmente;Concordo;Concordo bastante;Discordo totalmente;Concordo;Concordo bastante;A criatividade é a expressão de uma nova combinação mental;
41;2025-06-30 16:34:04;5;pt;302068246;2025-06-30 16:26:54;2025-06-30 16:34:04;Jvoice4;16;Feminino;;Nível básico (5º grau);;Sim;1 ano;1 ano;1 ano;1 ano;4 horas;3;10;Jazz;;Discordo;Discordo;Discordo;Discordo;Discordo;Concordo Totalmente;Concordo;Concordo;Discordo;Discordo;Concordo bastante;Discordo;Concordo bastante;Concordo;Concordo bastante;Discordo totalmente;Não concordo nem discordo;Não concordo nem discordo;A criatividade é a expressão de algo novo/original;
42;2025-06-30 17:00:20;5;pt;1339912233;2025-06-30 16:46:18;2025-06-30 17:00:20;Jdrum7;19;Masculino;;Nível secundário (8º grau);;Sim;3;3;5;1,50;4;11;80;African American pop music;;Concordo;Concordo;Concordo;Concordo;Concordo;Discordo;Concordo;Concordo;Discordo;Concordo Totalmente;Discordo bastante;Não concordo nem discordo;Discordo totalmente;Discordo bastante;Discordo bastante;Discordo totalmente;Discordo bastante;Discordo bastante;A criatividade é a expressão de uma nova combinação mental;
43;2025-06-30 17:21:32;5;pt;117346615;2025-06-30 17:14:36;2025-06-30 17:21:32;Jvoice3;16;Feminino;;Nível secundário (8º grau);;Sim;10 ano;6;1;1;3;2;15;Pop music;;Discordo;Discordo;Concordo;Concordo;Discordo;Concordo;Discordo;Concordo Totalmente;Concordo Totalmente;Discordo Totalmente;Concordo bastante;Concordo;Não concordo nem discordo;Concordo;Concordo;Discordo totalmente;Não concordo nem discordo;Concordo;A criatividade é a expressão de algo que especialistas consideram criativo;
44;2025-06-30 17:19:25;5;pt;31442437;2025-06-30 17:14:48;2025-06-30 17:19:25;Jvoice11;18;Feminino;;Nível básico (5º grau);;Sim;3 anos;3 anos;3 anos;3 anos;20 minutos;Entre 50/60;50;Classical music;;Discordo Totalmente;Concordo Totalmente;Concordo Totalmente;Concordo Totalmente;Concordo Totalmente;Concordo;Concordo;Concordo Totalmente;Concordo Totalmente;Concordo;Concordo bastante;Concordo;Não concordo nem discordo;Não concordo nem discordo;Concordo;Discordo totalmente;Não concordo nem discordo;Não concordo nem discordo;A criatividade é a expressão de algo novo/original;
45;2025-06-30 17:36:36;5;pt;1517451220;2025-06-30 17:29:30;2025-06-30 17:36:36;Jdrum5;17;Masculino;;Nível básico (5º grau);;Sim;5;5;2;2;2;5;7;Rock music;;Concordo;Concordo;Concordo;Concordo;Discordo;Concordo;Concordo;Concordo;Concordo;Concordo Totalmente;Concordo;Discordo;Concordo bastante;Não concordo nem discordo;Concordo bastante;Discordo bastante;Não concordo nem discordo;Concordo;A criatividade é a expressão de algo novo/original;
46;2025-06-30 21:48:46;5;pt;906997859;2025-06-30 21:40:14;2025-06-30 21:48:46;Jtrombone1;19;Masculino;;Nenhum;;Sim;10 anos;8 anos;10 anos;3 anos;1/2 horas;14;37;Pop music;;Concordo;Concordo Totalmente;Concordo;Concordo;Concordo Totalmente;Concordo Totalmente;Concordo;Discordo;Concordo Totalmente;Concordo;Concordo bastante;Discordo bastante;Concordo totalmente;Discordo;Concordo totalmente;Discordo bastante;Concordo bastante;Concordo bastante;A criatividade é a expressão de uma nova combinação mental;
48;2025-07-04 12:44:56;5;pt;2080402515;2025-07-04 12:33:28;2025-07-04 12:44:56;Jdrum4;16;Feminino;;Nível secundário (8º grau);;Sim;5;3;2;2;4;3;7;Jazz;;Concordo Totalmente;Concordo Totalmente;Concordo Totalmente;Concordo Totalmente;Discordo;Concordo Totalmente;Concordo Totalmente;Concordo;Concordo;Concordo;Concordo totalmente;Não concordo nem discordo;Concordo;Concordo;Concordo bastante;Discordo totalmente;Não concordo nem discordo;Concordo;A criatividade é a expressão de algo novo/original;
49;2025-07-04 12:51:59;5;pt;1265707286;2025-07-04 12:34:56;2025-07-04 12:51:59;Jsax4;18;Masculino;;Nível secundário (8º grau);;Sim;5 anos;5 anos;5 anos;3 anos;01:00;25;30;Jazz;;Concordo Totalmente;Concordo Totalmente;Concordo Totalmente;Concordo Totalmente;Discordo;Concordo;Concordo;Concordo Totalmente;Concordo Totalmente;Concordo Totalmente;Concordo bastante;Discordo;Concordo;Concordo bastante;Concordo totalmente;Discordo totalmente;Concordo;Concordo bastante;Outro;A criatividade é a expressão de criar algo novo ou recriar algo já inventado
50;;3;pt;1441684016;2025-07-04 16:22:34;2025-07-04 16:27:19;Jvoice6;15;Feminino;;Nenhum;;Sim;1 ano;12anos+-;1ano;1ano;12/13h;3;5;Outro;Um pouco de tudo;Discordo;Concordo;Discordo;Discordo;Discordo;Concordo Totalmente;Concordo;Concordo;Concordo;Discordo;Não concordo nem discordo;Discordo;Discordo;Não concordo nem discordo;Concordo;Discordo bastante;Concordo bastante;Não concordo nem discordo;;
52;2025-10-10 11:14:06;5;pt;622998644;2025-10-10 11:03:30;2025-10-10 11:14:06;PJ2harmonic1;36;Masculino;;Licenciatura em música (1º ciclo);;Não;+- 10;+- 20;+- 10;+- 10;2;200/400;1000?;Outro;Fado ;Concordo;Discordo Totalmente;Concordo Totalmente;Concordo;Discordo;Discordo;Discordo;Discordo;Concordo;Discordo;Concordo totalmente;Discordo totalmente;Concordo totalmente;Concordo totalmente;Concordo bastante;Discordo totalmente;Concordo;Concordo bastante;A criatividade é a expressão de algo novo/original e apropriado ao contexto em que esta expressão ocorre;
53;2025-10-10 12:14:19;5;pt;1413811753;2025-10-10 11:58:31;2025-10-10 12:14:19;pj2harmonic2;28;Masculino;;Licenciatura em música (1º ciclo);;Não;10;16;10;7;2;150;100;Jazz;;Discordo;Concordo;Concordo;Concordo Totalmente;Concordo;Concordo Totalmente;Concordo;Concordo Totalmente;Concordo;Concordo;Concordo;Discordo;Concordo;Concordo;Concordo bastante;Discordo bastante;Não concordo nem discordo;Não concordo nem discordo;Outro;A criatividade é um estado de fluxo
54;2025-10-10 12:10:53;5;pt;1025165036;2025-10-10 12:01:29;2025-10-10 12:10:53;PJ2melodic1;28;Feminino;;Licenciatura em música (1º ciclo);;Não;6;16;6;13;1:30;400;500;Jazz;;Concordo;Discordo;Concordo;Concordo;Discordo Totalmente;Concordo;Concordo;Discordo;Concordo;Discordo;Concordo bastante;Discordo bastante;Concordo bastante;Concordo totalmente;Concordo totalmente;Discordo totalmente;Concordo;Concordo totalmente;A criatividade é a expressão de uma nova combinação mental;
55;2025-10-10 12:31:26;5;pt;1793957118;2025-10-10 12:08:07;2025-10-10 12:31:26;PJ2bass1;34;Masculino;;Mestrado em música (2º ciclo);;Não;5;15;5;15;2;diria pelo menos 2000;2100;Jazz;;Discordo;Concordo;Discordo;Discordo;Discordo Totalmente;Concordo;Concordo;Discordo;Concordo;Discordo;Concordo;Discordo bastante;Concordo totalmente;Concordo bastante;Discordo;Discordo bastante;Concordo;Concordo totalmente;Nenhuma;
59;2025-10-10 15:50:29;5;pt;1659643632;2025-10-10 15:36:42;2025-10-10 15:50:29;PJ2melody2;33;Feminino;;Mestrado em música (2º ciclo);;Não;23;23;23;13;2;100;150;Jazz;;Concordo;Discordo;Concordo;Concordo;Concordo;Concordo;Concordo;Concordo;Concordo;Discordo;Concordo;Discordo bastante;Concordo bastante;Concordo bastante;Concordo bastante;Discordo totalmente;Concordo;Concordo bastante;A criatividade é a expressão de uma nova combinação mental;
60;2025-10-13 14:13:53;5;pt;1353078476;2025-10-13 14:05:39;2025-10-13 14:13:53;PJ2bass2;40;Feminino;;Licenciatura em música (1º ciclo);;Sim;18;18;18;25;30 min;60;100;Outro;Fusão ;Concordo;Discordo;Concordo;Concordo;Discordo;Concordo;Discordo;Concordo;Concordo;Discordo;Concordo totalmente;Discordo;Concordo bastante;Concordo bastante;Concordo totalmente;Discordo totalmente;Não concordo nem discordo;Concordo;A criatividade é a expressão de uma nova combinação mental;