"ID da resposta","Data de submissão","Última página","Idioma inicial","Semente","Data de início","Data da última acção","Introduza o seu ID de participante.  Chave para ID: Última letra do teu primeiro nome + Última letra do primeiro nome da tua mãe + mês de aniversário  Exemplo: João, Maria, Setembro = oa09 ","Escolha o ID da sessão","Quando o investigador indicar clique no botão ""Iniciar"".   Durante a improvisação poderá usar o botão ""Marcar"" para assinalar momentos relevantes.  No fim da improvisação clique no botão ""Terminar"".     MARCAR    Iniciar  Terminar       []","Quando o investigador indicar clique no botão ""Iniciar"".   Durante a improvisação poderá usar o botão ""Marcar"" para assinalar momentos relevantes.  No fim da improvisação clique no botão ""Terminar"".     MARCAR    Iniciar  Terminar       []","Quando o investigador indicar clique no botão ""Iniciar"".   Durante a improvisação poderá usar o botão ""Marcar"" para assinalar momentos relevantes.  No fim da improvisação clique no botão ""Terminar"".     MARCAR    Iniciar  Terminar       []","Quando o investigador indicar clique no botão ""Iniciar"".   Durante a improvisação poderá usar o botão ""Marcar"" para assinalar momentos relevantes.  No fim da improvisação clique no botão ""Terminar"".     MARCAR    Iniciar  Terminar       []","{((gravarsessao_fim-gravarsessao_inicio) / 1000)} ","Durante a sessão marcou {gravarsessao_count.shown} momentos.     Use o campo seguinte para descrever brevemente o que foi relevante em cada momento.  ","Por favor estime a duração desta improvisação. [minutos] [segundos] [][Escala 1]","Por favor estime a duração desta improvisação. [minutos] [segundos] [][Escala 2]","Durante esta improvisação...\ 												'); 			});	 		}); 	}    [quão lento/rápido passou o tempo?]","Quão fácil/difícil foi a execução da tarefa pedida?\ 												'); 			});	 		}); 	}    []","Quão aborrecida/interessante foi esta tarefa?\ 												'); 			});	 		}); 	}    []","Quão distraído(a) / concentrado(a) esteve nesta tarefa?\ 												'); 			});	 		}); 	}    []","Quão familiar era esta tarefa?\ 												'); 			});	 		}); 	}    []","Estive focado na performance musical.\ 												'); 			});	 		}); 	}    []","A minha atenção desviou-se para elementos da sala que não tinham relação com a performance musical.\ 												'); 			});	 		}); 	}    []","A minha atenção desviou-se para pensamentos não diretamente relacionados com a performance musical. \ 												'); 			});	 		}); 	}    []","Houve momentos em que a minha mente estava “em branco” ou sem qualquer tipo de pensamento ativo. \ 												'); 			});	 		}); 	}    []","Tive pensamentos ou preocupações relacionadas com aspetos secundários e interferentes da performance musical. \ 												'); 			});	 		}); 	}    []","Indique, por favor, qual dos seguintes estados mentais foi mais predominante neste take:"
"3","2025-02-03 16:39:35","5","pt","700985127","2025-02-03 16:33:35","2025-02-03 16:39:35","LA06","Grupo - B - Não familiar",,,,,"NAN",,"3 minutos","20 segundos","4","3.5","3.5","4","4.5","4.5","1","1.5","2","3","Estive focado na performance musical."
"4","2025-02-03 16:38:37","5","pt","1847374883","2025-02-03 16:33:38","2025-02-03 16:38:37","oa03","Grupo - B - Não familiar",,,,,"NAN",,"3 minutos","20 segundos","3","1.8","2","4.5","4.5","4","1","1.7","3","1.5","Estive focado na performance musical."
"5","2025-02-03 16:39:51","5","pt","986712179","2025-02-03 16:33:40","2025-02-03 16:39:51","oa07","Grupo - B - Não familiar",,,,,"NAN",,"3 minutos","37 segundos","3","1.5","4","3.5","4","4.5","1","1","5","1","Estive focado na performance musical."
"6","2025-02-03 16:37:32","5","pt","564415062","2025-02-03 16:33:56","2025-02-03 16:37:32","OA05","Solo - B - Não familiar",,,,,"NAN",,"2 minutos","58 segundos","3.8","1.4","3.7","3.7","3.8","3.6","1.6","1.7","1.8","2.2","Estive focado na performance musical."
"7","2025-02-03 16:47:26","5","pt","582930912","2025-02-03 16:44:17","2025-02-03 16:47:26","oa03","Grupo - A - Familiar",,,,,"NAN",,"4 minutos","0 segundos","3","1.4","3.5","2.7","5","3.4","1","1.3","4","1.8","Estive focado na performance musical."
"8","2025-02-03 16:47:13","5","pt","517383950","2025-02-03 16:44:20","2025-02-03 16:47:13","OA05","Solo - A - Familiar",,,,,"NAN",,"3 minutos","0 segundos","2.9","2","4","3.5","3.7","4.1","1.5","1.3","3.5","1.5","Estive focado na performance musical."
"9","2025-02-03 16:49:14","5","pt","2071589076","2025-02-03 16:44:42","2025-02-03 16:49:14","oa07","Grupo - A - Familiar",,,,,"NAN",,"3 minutos","15 segundos","3","2.1","3.9","4","3.3","4.7","1","1","5","1","Estive focado na performance musical."
"10","2025-02-03 16:47:37","5","pt","1696931538","2025-02-03 16:44:42","2025-02-03 16:47:37","LA06","Solo - A - Familiar",,,,,"NAN",,"4 minutos","0 segundos","4","1.5","5","5","5","5","1","1","1","4","Estive focado na performance musical."
"11","2025-02-03 16:56:56","5","pt","1293932503","2025-02-03 16:53:30","2025-02-03 16:56:56","oa07","Grupo - C - Livre",,,,,"NAN",,"4 minutos","20 segundos","3","3.4","5","5","4.2","5","1","1","1","1","A minha mente esteve “em branco” ou sem qualquer tipo de pensamento ativo."
"12","2025-02-03 16:56:39","5","pt","455720955","2025-02-03 16:53:33","2025-02-03 16:56:39","OA05","Grupo - C - Livre",,,,,"NAN",,"4 minutos","50 segundos","4.8","1","4.7","4.7","5","4.7","1","1.4","4.2","1","Estive focado na performance musical."
"13","2025-02-03 16:57:09","5","pt","1886268383","2025-02-03 16:53:34","2025-02-03 16:57:09","oa03","Solo - C - Livre",,,,,"NAN",,"5 minutos","30 segundos","4.4","2","4.5","4.5","4","4.5","1","1","2","1","Estive focado na performance musical."
"14","2025-02-03 16:57:01","5","pt","1007617542","2025-02-03 16:53:37","2025-02-03 16:57:01","LA06","Grupo - C - Livre",,,,,"NAN",,"5 minutos","0 segundos","4.5","1.5","5","5","5","5","1","1","1.2","2","Estive focado na performance musical."
"15","2025-02-03 17:06:20","5","pt","1102900897","2025-02-03 17:03:58","2025-02-03 17:06:20","oa03","Solo - B - Não familiar",,,,,"NAN",,"4 minutos","0 segundos","1.8","3.7","4","2","1.5","2","1","4","1","4","Estive focado em aspetos secundários e interferentes da performance musical."
"16","2025-02-03 17:11:31","5","pt","211651372","2025-02-03 17:09:20","2025-02-03 17:11:31","oa03","Solo - A - Familiar",,,,,"NAN",,"3 minutos","30 segundos","4.5","3.5","4","4","3.5","4.2","1","1.5","2","1.5","Estive focado na performance musical."
"17","2025-02-03 17:17:26","5","pt","1849994015","2025-02-03 17:14:28","2025-02-03 17:17:26","oa03","Solo - C - Livre",,,,,"NAN",,"3 minutos","30 segundos","4","2","4","4.4","2.5","4","1","1.2","3.5","3","Estive focado na performance musical."
"18","2025-02-03 17:29:30","5","pt","24971129","2025-02-03 17:27:21","2025-02-03 17:29:30","LA06","Grupo - B - Não familiar",,,,,"NAN",,"3 minutos","0 segundos","2","3","1.5","3.5","3.5","4.5","1","1.5","2","1","Estive focado na performance musical."
"19","2025-02-03 17:36:28","5","pt","1734169539","2025-02-03 17:33:44","2025-02-03 17:36:28","LA06","Solo - A - Familiar",,,,,"NAN",,"3 minutos","40 segundos","4.5","1.5","4.5","4.5","5","4.5","1","1.5","1.5","2.5","Estive focado na performance musical."
"20","2025-02-03 17:41:09","5","pt","1166630692","2025-02-03 17:39:59","2025-02-03 17:41:09","LA06","Solo - C - Livre",,,,,"NAN",,"4 minutos","0 segundos","4.5","2","5","5","4.5","5","1","1","1.5","2.5","Estive focado na performance musical."
"21","2025-02-03 18:14:09","5","pt","1813495460","2025-02-03 18:12:27","2025-02-03 18:14:09","OA05","Solo - C - Livre",,,,,"NAN",,"2 minutos","0 segundos","2.3","2.4","3.7","2.3","5","2.9","2.1","2.5","2.9","4.5","Estive focado em aspetos secundários e interferentes da performance musical."
"22","2025-02-03 18:19:26","5","pt","775001170","2025-02-03 18:17:58","2025-02-03 18:19:26","OA05","Grupo - A - Familiar",,,,,"NAN",,"3 minutos","0 segundos","2.6","3.4","2.6","2.5","3.5","2.9","2.9","2.7","2.2","2.6","Estive focado em algo não diretamente relacionado com a performance musical."
"23","2025-02-03 18:23:58","5","pt","742406765","2025-02-03 18:22:43","2025-02-03 18:23:58","OA05","Solo - B - Não familiar",,,,,"NAN",,"3 minutos","0 segundos","2.9","3.5","2.5","3.2","3.6","3.6","4.1","2.5","2.6","4.2","Estive focado na performance musical."
"24","2025-02-03 18:37:14","5","pt","710439264","2025-02-03 18:32:45","2025-02-03 18:37:14","oa07","Solo - C - Livre",,,,,"NAN",,"3 minutos","51 segundos","2.9","2","5","4.1","4.5","5","1.4","1","5","1.4","A minha mente esteve “em branco” ou sem qualquer tipo de pensamento ativo."
"25","2025-02-03 18:43:31","5","pt","860866593","2025-02-03 18:40:41","2025-02-03 18:43:31","oa07","Solo - B - Não familiar",,,,,"NAN",,"2 minutos","33 segundos","3.7","1.7","4","3.4","2.5","3.7","1","2.1","2.5","1","Estive focado na performance musical."
"26","2025-02-03 18:50:12","5","pt","934171076","2025-02-03 18:47:53","2025-02-03 18:50:12","oa07","Solo - A - Familiar",,,,,"NAN",,"3 minutos","57 segundos","3","2.1","5","5","4.3","5","1","1","1","1","Estive focado na performance musical."
"27","2025-02-04 12:09:21","5","pt","522319130","2025-02-04 12:04:52","2025-02-04 12:09:21","ea09","Solo - B - Não familiar",,,,,"NAN",,"2 minutos","17 segundos","3.5","1","5","4","5","4.3","1.4","1.5","4.3","1.7","Estive focado na performance musical."
"28","2025-02-04 12:17:38","5","pt","1299488793","2025-02-04 12:14:31","2025-02-04 12:17:38","ea09","Solo - A - Familiar",,,,,"NAN",,"2 minutos","36 segundos","3.1","2.4","2.7","4.7","5","4.3","1.1","1.1","1","1","Estive focado na performance musical."
"29","2025-02-04 12:30:33","5","pt","2123453281","2025-02-04 12:25:22","2025-02-04 12:30:33","ea09","Solo - C - Livre",,,,,"NAN",,"3 minutos","42 segundos","3.2","1","5","4.7","5","4.6","1.3","1.8","1","1.9","Estive focado na performance musical."
"30","2025-02-04 12:56:57","5","pt","1440371977","2025-02-04 12:27:40","2025-02-04 12:56:57","hh04","Grupo - C - Livre",,,,,"NAN",,"3 minutos","0 segundos","5","1.9","5","3.6","5","3.8","1.7","1.9","3.3","1.9","Estive focado na performance musical."
"31","2025-02-04 12:57:46","5","pt","1807605720","2025-02-04 12:52:03","2025-02-04 12:57:46","MM04","Grupo - C - Livre",,,,,"NAN",,"2 minutos","15 segundos","3","4","4.5","4.6","4","5","1","1.2","1","1.2","Estive focado na performance musical."
"32","2025-02-04 12:55:02","5","pt","1504670655","2025-02-04 12:52:20","2025-02-04 12:55:02","ea09","Grupo - C - Livre",,,,,"NAN",,"1 minutos","30 segundos","5","1.2","5","5","5","5","1","1","1","1.4","Estive focado na performance musical."
"33","2025-02-04 12:56:34","5","pt","421134874","2025-02-04 12:52:36","2025-02-04 12:56:34","BB04","Grupo - C - Livre",,,,,"NAN",,"2 minutos","0 segundos","3","1","5","5","5","4.2","1","1","1","1","Estive focado na performance musical."
"34","2025-02-04 13:07:16","5","pt","1648400236","2025-02-04 13:04:30","2025-02-04 13:07:16","ea09","Grupo - B - Não familiar",,,,,"NAN",,"3 minutos","0 segundos","3","1.6","3.8","5","4","4.9","1.2","1.3","1","1.1","Estive focado na performance musical."
"35","2025-02-04 13:07:24","5","pt","629990082","2025-02-04 13:04:35","2025-02-04 13:07:24","hh04","Grupo - B - Não familiar",,,,,"NAN",,"3 minutos","0 segundos","3.4","4","4.3","2.8","5","3.3","1","3.4","2.2","1.3","Estive focado na performance musical."
"36","2025-02-04 13:08:07","5","pt","8722201","2025-02-04 13:04:49","2025-02-04 13:08:07","MM04","Grupo - B - Não familiar",,,,,"NAN",,"3 minutos","0 segundos","2","3.7","4.3","5","5","4.7","1.5","1","1.3","1.5","Estive focado na performance musical."
"37","2025-02-04 13:09:21","5","pt","743277941","2025-02-04 13:06:27","2025-02-04 13:09:21","BB04","Grupo - B - Não familiar",,,,,"NAN",,"2 minutos","30 segundos","2.2","1.6","5","5","5","5","1","1","1","1","Estive focado na performance musical."
"38","2025-02-04 13:19:06","5","pt","2093479491","2025-02-04 13:14:32","2025-02-04 13:19:06","MM04","Grupo - A - Familiar",,,,,"NAN",,"3 minutos","0 segundos","2","2","3.8","4.5","5","4.5","1","1","1","1","Estive focado na performance musical."
"39","2025-02-04 13:17:06","5","pt","1461048332","2025-02-04 13:14:36","2025-02-04 13:17:06","ea09","Grupo - A - Familiar",,,,,"NAN",,"2 minutos","10 segundos","3","1","1.7","5","5","5","1","1","1","1","Estive focado na performance musical."
"40","2025-02-04 13:17:50","5","pt","1205799798","2025-02-04 13:14:51","2025-02-04 13:17:50","BB04","Grupo - A - Familiar",,,,,"NAN",,"2 minutos","30 segundos","2","1","5","5","5","5","1","1","1","1","Estive focado na performance musical."
"41","2025-02-04 13:17:11","5","pt","188643371","2025-02-04 13:14:52","2025-02-04 13:17:11","hh04","Grupo - A - Familiar",,,,,"NAN",,"4 minutos","0 segundos","5","4.2","5","3.7","5","3.9","1.7","1.8","1.8","2","Estive focado na performance musical."
"42","2025-02-04 13:25:43","5","pt","1753143164","2025-02-04 13:24:17","2025-02-04 13:25:43","hh04","Solo - B - Não familiar",,,,,"NAN",,"4 minutos","0 segundos","3.3","2.6","5","3.5","5","3.4","2.4","2.2","2.1","2.3","Estive focado na performance musical."
"43","2025-02-04 13:31:38","5","pt","1659072754","2025-02-04 13:29:54","2025-02-04 13:31:38","hh04","Solo - C - Livre",,,,,"NAN",,"4 minutos","18 segundos","3.4","3.4","5","3.5","5","3.7","2.2","2.1","2.5","2.2","Estive focado na performance musical."
"44","2025-02-04 13:37:31","5","pt","33439332","2025-02-04 13:35:26","2025-02-04 13:37:31","hh04","Solo - A - Familiar",,,,,"NAN",,"4 minutos","24 segundos","3.1","3","4.4","3.9","5","3.2","1.3","2.7","2.6","2.5","Estive focado na performance musical."
"45","2025-02-04 13:40:49","5","pt","2109163959","2025-02-04 13:39:00","2025-02-04 13:40:49","BB04","Solo - C - Livre",,,,,"NAN",,"3 minutos","0 segundos","2","1","5","5","5","5","1","1","1","1","Estive focado na performance musical."
"46","2025-02-04 13:49:00","5","pt","994361434","2025-02-04 13:47:05","2025-02-04 13:49:00","BB04","Solo - B - Não familiar",,,,,"NAN",,"3 minutos","0 segundos","2.1","1.5","5","5","5","5","1.6","1","1","1.5","Estive focado na performance musical."
"47","2025-02-04 13:54:16","5","pt","1895459748","2025-02-04 13:52:28","2025-02-04 13:54:16","BB04","Solo - A - Familiar",,,,,"NAN",,"2 minutos","30 segundos","2.8","1","5","5","5","5","1.2","1.3","1","1.3","Estive focado na performance musical."
"48","2025-02-04 13:59:52","5","pt","1447916950","2025-02-04 13:57:10","2025-02-04 13:59:52","MM04","Solo - A - Familiar",,,,,"NAN",,"1 minutos","45 segundos","3","3.5","4","5","4","5","1.5","1","1","1","Estive focado na performance musical."
"49","2025-02-04 14:07:03","5","pt","1231277398","2025-02-04 14:03:28","2025-02-04 14:07:03","MM04","Solo - C - Livre",,,,,"NAN",,"3 minutos","10 segundos","2.7","2.7","4.6","5","4","5","1","1","1.5","1.5","Estive focado na performance musical."
"50","2025-02-04 14:13:17","5","pt","1266092702","2025-02-04 14:11:07","2025-02-04 14:13:17","MM04","Solo - B - Não familiar",,,,,"NAN",,"2 minutos","40 segundos","2.5","4.5","4","4.5","1.8","3.8","1","4","1","4","Estive focado em aspetos secundários e interferentes da performance musical."
"51","2025-02-04 16:13:20","5","pt","1045871268","2025-02-04 15:49:26","2025-02-04 16:13:20","oa08","Grupo - B - Não familiar",,,,,"NAN",,"4 minutos","23 segundos","4","1.3","5","5","4","4.2","1","1","4.6","1","Estive focado na performance musical."
"52","2025-02-04 16:13:27","5","pt","2026426015","2025-02-04 16:10:24","2025-02-04 16:13:27","oa11","Grupo - B - Não familiar",,,,,"NAN",,"2 minutos","15 segundos","3.4","2","3.5","4","4","4","1.4","2.3","3.7","3.6","Estive focado na performance musical."
"53","2025-02-04 16:13:50","5","pt","1040154010","2025-02-04 16:10:28","2025-02-04 16:13:50","bb04t","Grupo - B - Não familiar",,,,,"NAN",,"2 minutos","37 segundos","3.6","2","4.2","2","4.5","2.5","2.8","3.4","2.6","2","Estive focado em algo não diretamente relacionado com a performance musical."
"54","2025-02-04 16:17:22","5","pt","1865568938","2025-02-04 16:14:35","2025-02-04 16:17:22","ao07t","Grupo - B - Não familiar",,,,,"NAN",,"3 minutos","0 segundos","4","2","2.5","3","4","3.8","3.4","1.5","1.6","2","Estive focado na performance musical."
"55","2025-02-04 16:24:40","5","pt","1879830825","2025-02-04 16:21:46","2025-02-04 16:24:40","ao07t","Grupo - C - Livre",,,,,"NAN",,"6 minutos","0 segundos","3.2","2.6","3.9","3.5","4","4.4","4","1.7","1.8","1.6","Estive focado na performance musical."
"56","2025-02-04 16:24:33","5","pt","1433719205","2025-02-04 16:21:48","2025-02-04 16:24:33","oa11","Grupo - C - Livre",,,,,"NAN",,"3 minutos","33 segundos","3.3","2.4","4.4","4.3","3.6","3.9","1.8","2.3","3.3","1","Estive focado na performance musical."
"57","2025-02-04 16:24:04","5","pt","1492602245","2025-02-04 16:21:56","2025-02-04 16:24:04","oa08","Grupo - C - Livre",,,,,"NAN",,"3 minutos","35 segundos","4","3.4","4.5","4.2","3.4","4.3","1.6","2.3","4","2.2","Estive focado na performance musical."
"58","2025-02-04 16:25:22","5","pt","237864260","2025-02-04 16:22:19","2025-02-04 16:25:22","bb04t","Grupo - C - Livre",,,,,"NAN",,"3 minutos","30 segundos","4.4","3.5","4.7","4.3","2","4.8","1.6","1","1.5","1","Estive focado na performance musical."
"59","2025-02-04 16:32:10","5","pt","1788922373","2025-02-04 16:29:20","2025-02-04 16:32:10","ao07t","Grupo - A - Familiar",,,,,"NAN",,"4 minutos","30 segundos","2","3.8","3.5","2.2","4","3","3.5","3","4","3.4","Estive focado em aspetos secundários e interferentes da performance musical."
"60","2025-02-04 16:33:07","5","pt","1500669231","2025-02-04 16:29:20","2025-02-04 16:33:07","bb04t","Grupo - A - Familiar",,,,,"NAN",,"3 minutos","0 segundos","2","1.6","1.4","3","5","4","1.3","3","3","1.4","Estive focado na performance musical."
"61","2025-02-04 16:32:26","5","pt","1786294299","2025-02-04 16:29:22","2025-02-04 16:32:26","oa11","Grupo - A - Familiar",,,,,"NAN",,"3 minutos","7 segundos","3.4","2.7","3.7","2.1","4.4","2.4","1.3","2","2.5","4.3","Estive focado em aspetos secundários e interferentes da performance musical."
"62","2025-02-04 16:31:09","5","pt","1080752521","2025-02-04 16:29:25","2025-02-04 16:31:09","oa08","Grupo - A - Familiar",,,,,"NAN",,"3 minutos","24 segundos","3.1","2","4.1","4.1","5","4.1","1","1.3","4.2","1.4","Estive focado na performance musical."
"63","2025-02-04 16:40:02","5","pt","1366192800","2025-02-04 16:37:49","2025-02-04 16:40:02","Bb04t","Solo - B - Não familiar",,,,,"NAN",,"4 minutos","20 segundos","1","3","3.6","4.1","3.3","4","3","2.4","4.5","3","A minha mente esteve “em branco” ou sem qualquer tipo de pensamento ativo."
"64","2025-02-04 16:45:23","5","pt","1116292652","2025-02-04 16:43:11","2025-02-04 16:45:23","Bb04t","Solo - C - Livre",,,,,"NAN",,"2 minutos","6 segundos","4.7","4","5","4.7","1.9","4.1","1.8","1.5","1.8","1.3","Estive focado na performance musical."
"65","2025-02-04 16:50:08","5","pt","2069865316","2025-02-04 16:48:46","2025-02-04 16:50:08","Bb04t","Solo - A - Familiar",,,,,"NAN",,"2 minutos","5 segundos","5","3","4.7","4.4","4.5","4.6","1.4","1.4","2","1.4","Estive focado na performance musical."
"66","2025-02-04 16:59:17","5","pt","1221092659","2025-02-04 16:57:17","2025-02-04 16:59:17","Ao07t","Solo - C - Livre",,,,,"NAN",,"3 minutos","30 segundos","2.2","1.7","4","4.4","4.2","4.5","1.9","4.3","3.2","2.2","Estive focado na performance musical."
"67","2025-02-04 17:04:41","5","pt","621671279","2025-02-04 17:02:36","2025-02-04 17:04:41","Ao07t","Solo - B - Não familiar",,,,,"NAN",,"2 minutos","30 segundos","4.1","3.6","4.6","4.6","3.7","3","3.2","2.9","2.9","3.1","Estive focado em algo não diretamente relacionado com a performance musical."
"68","2025-02-04 17:09:47","5","pt","1761659758","2025-02-04 17:07:54","2025-02-04 17:09:47","ao07t","Solo - A - Familiar",,,,,"NAN",,"3 minutos","10 segundos","1.9","3.8","2.2","2.4","3.8","2.3","3.7","3.7","3.9","3.6","Estive focado em elementos físicos da sala que não tinham relação com a performance musical."
"69","2025-02-04 17:15:59","5","pt","1930057468","2025-02-04 17:14:05","2025-02-04 17:15:59","oa08","Solo - A - Familiar",,,,,"NAN",,"3 minutos","5 segundos","3.8","2.4","4.1","3.9","4.8","4","1.6","2.8","4.2","2","Estive focado na performance musical."
"70","2025-02-04 17:20:27","5","pt","1599386165","2025-02-04 17:19:12","2025-02-04 17:20:27","Oa08","Solo - C - Livre",,,,,"NAN",,"3 minutos","10 segundos","4.2","4","3.3","4.5","3.3","4.3","1.7","1.5","4.7","1.3","Estive focado em aspetos secundários e interferentes da performance musical."
"71","2025-02-04 17:25:05","5","pt","1878456605","2025-02-04 17:23:41","2025-02-04 17:25:05","Oa08","Solo - B - Não familiar",,,,,"NAN",,"2 minutos","46 segundos","4.2","2.3","4.4","3.9","3.9","4.5","1.3","1.2","4.4","1.1","Estive focado na performance musical."
"72","2025-02-04 17:32:24","5","pt","1686231268","2025-02-04 17:30:42","2025-02-04 17:32:24","oa11","Solo - C - Livre",,,,,"NAN",,"3 minutos","6 segundos","2.8","4","5","4.2","3.9","4.3","1.3","1.3","1.5","1.3","Estive focado na performance musical."
"73","2025-02-04 17:37:32","5","pt","982968578","2025-02-04 17:35:44","2025-02-04 17:37:32","oa11","Solo - B - Não familiar",,,,,"NAN",,"1 minutos","40 segundos","2.3","4.5","4.2","3.8","1.7","3.3","1.4","3.3","2.1","1.9","Estive focado na performance musical."
"74","2025-02-04 17:43:29","5","pt","342035068","2025-02-04 17:41:42","2025-02-04 17:43:29","oa11","Solo - A - Familiar",,,,,"NAN",,"2 minutos","40 segundos","3","2.3","4.4","4.3","4.6","4.1","1.7","1.4","1.7","1.8","Estive focado na performance musical."
"75",,,"pt","18210014","2025-06-30 10:55:44","2025-06-30 10:55:44",,,,,,,,,"","",,,,,,,,,,,
"76",,"3","pt","1784798440","2025-06-30 10:55:55","2025-06-30 10:57:16","teste","Solo - A - Familiar",,,,,"NAN",,"3 minutos","4 segundos","4.4","3.4","3.5","4.6","5",,,,,,
"77","2025-06-30 11:01:07","5","pt","2105573686","2025-06-30 10:57:32","2025-06-30 11:01:07","Jpiano1","Solo - B - Não familiar",,,,,"NAN",,"4 minutos","0 segundos","3.6","1.6","4.4","3.9","3","4.7","1","1","4.2","1.9","Estive focado na performance musical."
"78","2025-06-30 11:00:02","5","pt","1929286784","2025-06-30 10:59:24","2025-06-30 11:00:02","pp26","Solo - A - Familiar",,,,,"NAN",,"2 minutos","10 segundos","3.8","4.2","1.7","4.1","2.1","2.1","1.5","1","4.1","3.8","Estive focado em elementos físicos da sala que não tinham relação com a performance musical."
"79","2025-06-30 11:07:18","5","pt","199458110","2025-06-30 11:04:29","2025-06-30 11:07:18","jbass1","Solo - C - Livre",,,,,"NAN",,"2 minutos","50 segundos","2","1.5","4","4","4.3","4.5","1","1.7","1","2","Estive focado na performance musical."
"80","2025-06-30 11:07:00","5","pt","1064364146","2025-06-30 11:04:42","2025-06-30 11:07:00","Jpiano1","Solo - A - Familiar",,,,,"NAN",,"4 minutos","0 segundos","3.6","1","4.6","4","5","4.6","1.5","1.3","4.2","1.5","Estive focado na performance musical."
"81","2025-06-30 11:08:54","5","pt","1269600752","2025-06-30 11:06:49","2025-06-30 11:08:54","Jsax2","Solo - C - Livre",,,,,"NAN",,"3 minutos","11 segundos","3.9","1","5","4.2","4","4.2","1.1","1.1","1.9","4","Estive focado na performance musical."
"82","2025-06-30 11:12:32","5","pt","1765311808","2025-06-30 11:10:49","2025-06-30 11:12:32","Jpiano1","Solo - C - Livre",,,,,"NAN",,"3 minutos","30 segundos","4.3","2.8","5","3.7","2.4","4.1","1.5","1.3","3.4","2","A minha mente esteve “em branco” ou sem qualquer tipo de pensamento ativo."
"83","2025-06-30 11:12:41","5","pt","1732933298","2025-06-30 11:10:58","2025-06-30 11:12:41","jbass1","Solo - A - Familiar",,,,,"NAN",,"3 minutos","35 segundos","4.5","1.2","3.5","5","5","5","1.5","1","4.3","1.2","Estive focado na performance musical."
"84","2025-06-30 11:14:19","5","pt","692787885","2025-06-30 11:13:21","2025-06-30 11:14:19","Jsax2","Solo - A - Familiar",,,,,"NAN",,"5 minutos","28 segundos","4.1","1.9","5","4.8","5","5","1","1.3","1","2.3","Estive focado na performance musical."
"85","2025-06-30 11:17:28","5","pt","1883626127","2025-06-30 11:16:24","2025-06-30 11:17:28","jbass1","Solo - B - Não familiar",,,,,"NAN",,"2 minutos","10 segundos","4","3.5","5","5","3.5","5","1","1","1.2","1","Estive focado na performance musical."
"86",,,"pt","1570092136","2025-06-30 11:17:58","2025-06-30 11:17:58",,,,,,,,,"","",,,,,,,,,,,
"87","2025-06-30 11:19:17","5","pt","1734205151","2025-06-30 11:18:09","2025-06-30 11:19:17","Jsax2","Solo - B - Não familiar",,,,,"NAN",,"4 minutos","10 segundos","2.6","1.8","5","3.9","3.9","4","1","2.1","2.3","1.9","Estive focado em elementos físicos da sala que não tinham relação com a performance musical."
"88","2025-06-30 11:34:22","5","pt","324109954","2025-06-30 11:30:57","2025-06-30 11:34:22","Jpiano2","Solo - A - Familiar",,,,,"NAN",,"2 minutos","10 segundos","3","4","4","4","4","4.5","1.6","1","3.6","1.8","A minha mente esteve “em branco” ou sem qualquer tipo de pensamento ativo."
"89","2025-06-30 11:39:26","5","pt","382562089","2025-06-30 11:36:23","2025-06-30 11:39:26","Jsax3","Solo - C - Livre",,,,,"NAN",,"4 minutos","30 segundos","3.8","2.7","4.3","4.5","5","4.7","1","1","1.6","2.2","Estive focado na performance musical."
"90","2025-06-30 11:38:56","5","pt","1767389856","2025-06-30 11:36:42","2025-06-30 11:38:56","Jguitar4","Solo - B - Não familiar",,,,,"NAN",,"5 minutos","30 segundos","3","2","5","5","4","4.5","2","2","2","1.6","Estive focado na performance musical."
"91","2025-06-30 11:41:16","5","pt","555922118","2025-06-30 11:38:15","2025-06-30 11:41:16","Jpiano2","Solo - B - Não familiar",,,,,"NAN",,"3 minutos","0 segundos","3.8","2.3","5","3.5","3.5","4.4","4.6","2.4","3.5","4","Estive focado na performance musical."
"92","2025-06-30 11:44:56","5","pt","1679448785","2025-06-30 11:42:52","2025-06-30 11:44:56","Jguitar4","Solo - C - Livre",,,,,"NAN",,"3 minutos","0 segundos","2.5","2","5","5","2.2","5","3.3","3.9","3.6","1.5","Estive focado em aspetos secundários e interferentes da performance musical."
"93","2025-06-30 11:45:33","5","pt","1892500560","2025-06-30 11:43:23","2025-06-30 11:45:33","Jsax3","Solo - B - Não familiar",,,,,"NAN",,"4 minutos","30 segundos","3.3","1.5","4.6","1.5","4.9","4.1","1","1.7","1","2","Estive focado na performance musical."
"94","2025-06-30 11:48:00","5","pt","1262205210","2025-06-30 11:45:18","2025-06-30 11:48:00","Jpiano2","Solo - C - Livre",,,,,"NAN",,"3 minutos","30 segundos","2.8","4","5","3.7","3.7","4.3","1.6","3.5","3.5","3.5","Estive focado em aspetos secundários e interferentes da performance musical."
"95","2025-06-30 11:49:38","5","pt","921715116","2025-06-30 11:48:09","2025-06-30 11:49:38","Jguitar4","Solo - A - Familiar",,,,,"NAN",,"3 minutos","0 segundos","5","2","5","5","4","5","1.5","1.5","2","1.5","Estive focado na performance musical."
"96","2025-06-30 11:52:18","5","pt","2033931637","2025-06-30 11:49:57","2025-06-30 11:52:18","Jsax3","Solo - A - Familiar",,,,,"NAN",,"2 minutos","40 segundos","4.2","2.2","5","5","5","4.5","1","1","1","2.9","Estive focado na performance musical."
"97","2025-06-30 12:05:08","5","pt","2132554418","2025-06-30 12:01:08","2025-06-30 12:05:08","Jtrombone1","Solo - B - Não familiar",,,,,"NAN",,"3 minutos","24 segundos","4.1","3.3","3.6","2.8","3.9","3.1","1","1","4.1","2.4","A minha mente esteve “em branco” ou sem qualquer tipo de pensamento ativo."
"98","2025-06-30 12:06:10","5","pt","1602107965","2025-06-30 12:03:07","2025-06-30 12:06:10","Jpiano3","Solo - B - Não familiar",,,,,"NAN",,"4 minutos","21 segundos","4.3","2.7","4.5","4.5","3.7","3.7","1","1.7","4","3.5","Estive focado em aspetos secundários e interferentes da performance musical."
"99","2025-06-30 12:08:03","5","pt","1483730443","2025-06-30 12:05:08","2025-06-30 12:08:03","Jguitar5","Solo - C - Livre",,,,,"NAN",,"3 minutos","8 segundos","3.9","4.5","5","3.7","3.2","2.8","1.5","2","3.1","2.2","A minha mente esteve “em branco” ou sem qualquer tipo de pensamento ativo."
"100","2025-06-30 12:10:37","5","pt","832375174","2025-06-30 12:08:43","2025-06-30 12:10:37","Jtrombone1","Solo - C - Livre",,,,,"NAN",,"3 minutos","37 segundos","4.3","1.7","4.3","3.8","4.3","3.5","1","1.3","1","1","A minha mente esteve “em branco” ou sem qualquer tipo de pensamento ativo."
"101","2025-06-30 12:11:37","5","pt","662152602","2025-06-30 12:09:56","2025-06-30 12:11:37","Jpiano3","Solo - C - Livre",,,,,"NAN",,"3 minutos","44 segundos","3.4","2.3","4.7","4.5","5","4.2","1","1.4","4.4","2.1","A minha mente esteve “em branco” ou sem qualquer tipo de pensamento ativo."
"102","2025-06-30 12:13:49","5","pt","1814428406","2025-06-30 12:11:42","2025-06-30 12:13:49","Jguitar5","Solo - A - Familiar",,,,,"NAN",,"5 minutos","8 segundos","2.6","3.3","3.2","2.3","3.7","3.5","1.5","3.9","4.1","3.8","Estive focado em aspetos secundários e interferentes da performance musical."
"103","2025-06-30 12:15:41","5","pt","2105999598","2025-06-30 12:13:40","2025-06-30 12:15:41","Jtrombone1","Solo - A - Familiar",,,,,"NAN",,"1 minutos","25 segundos","2.6","2.3","4.1","2.2","5","2.4","1","1.7","2.2","2.3","A minha mente esteve “em branco” ou sem qualquer tipo de pensamento ativo."
"104","2025-06-30 12:17:02","5","pt","1952904203","2025-06-30 12:15:19","2025-06-30 12:17:02","Jpiano3","Solo - A - Familiar",,,,,"NAN",,"3 minutos","48 segundos","3.8","1.9","4","4.3","4.5","3.9","1","1","3.7","2.4","A minha mente esteve “em branco” ou sem qualquer tipo de pensamento ativo."
"105","2025-06-30 12:19:02","5","pt","1014768077","2025-06-30 12:17:25","2025-06-30 12:19:02","Jguitar5","Solo - B - Não familiar",,,,,"NAN",,"5 minutos","9 segundos","3.3","2.7","3.9","3.5","1.6","3.9","1.4","2","2.4","1.8","Estive focado na performance musical."
"106","2025-06-30 12:40:41","5","pt","580269257","2025-06-30 12:37:33","2025-06-30 12:40:41","Jsax1","Solo - B - Não familiar",,,,,"NAN",,"2 minutos","30 segundos","2.4","3.2","3.6","3.4","2.5","4.2","2.2","2.4","1.7","3.9","Estive focado na performance musical."
"107","2025-06-30 12:41:03","5","pt","1769462216","2025-06-30 12:37:38","2025-06-30 12:41:03","Jguitar6","Solo - C - Livre",,,,,"NAN",,"3 minutos","0 segundos","4.2","2.2","1.7","4.7","4","4","2.8","3.2","3.2","3.1","Estive focado na performance musical."
"108","2025-06-30 12:40:19","5","pt","1111347552","2025-06-30 12:38:02","2025-06-30 12:40:19","Jsax5","Solo - B - Não familiar",,,,,"NAN",,"2 minutos","24 segundos","4","1","4","3.5","5","5","1","1","4","1","Estive focado na performance musical."
"109","2025-06-30 12:45:31","5","pt","2147131140","2025-06-30 12:43:49","2025-06-30 12:45:31","Jsax5 ","Solo - C - Livre",,,,,"NAN",,"3 minutos","40 segundos","5","1","4.5","3","3.5","4","1","4","4.5","1","A minha mente esteve “em branco” ou sem qualquer tipo de pensamento ativo."
"110","2025-06-30 12:46:52","5","pt","345864287","2025-06-30 12:44:51","2025-06-30 12:46:52","Jsax1","Solo - A - Familiar",,,,,"NAN",,"5 minutos","0 segundos","3.4","3.4","3.4","3.3","3.6","4","1.8","2.8","3.4","3.6","Estive focado na performance musical."
"111","2025-06-30 12:47:56","5","pt","564392219","2025-06-30 12:45:01","2025-06-30 12:47:56","Jguitar6","Solo - B - Não familiar",,,,,"NAN",,"3 minutos","0 segundos","4","2.3","5","4.3","1.8","5","1","1.5","1.5","1.4","Estive focado na performance musical."
"112","2025-06-30 12:50:53","5","pt","1445309795","2025-06-30 12:49:25","2025-06-30 12:50:53","Jsax5","Solo - A - Familiar",,,,,"NAN",,"3 minutos","10 segundos","4","1","4","3.5","5","3.9","1","1","3.5","1","Estive focado na performance musical."
"113","2025-06-30 12:53:15","5","pt","1025045421","2025-06-30 12:50:17","2025-06-30 12:53:15","Jsax1","Solo - C - Livre",,,,,"NAN",,"3 minutos","30 segundos","3.8","2.2","4.2","3.4","3.6","4","1.6","3.6","3.3","3.5","Estive focado em aspetos secundários e interferentes da performance musical."
"114","2025-06-30 12:52:28","5","pt","699178526","2025-06-30 12:51:08","2025-06-30 12:52:28","Jguitar6","Solo - A - Familiar",,,,,"NAN",,"3 minutos","0 segundos","4.6","1.9","4.6","4.3","3.3","5","1.2","1.3","1.3","1.4","Estive focado na performance musical."
"115","2025-06-30 13:05:23","5","pt","615253932","2025-06-30 12:59:15","2025-06-30 13:05:23","Jvoice10","Solo - C - Livre",,,,,"NAN",,"2 minutos","31 segundos","3.3","3.5","3.5","3.3","1","4.3","1","1","3.7","1","Estive focado na performance musical."
"116","2025-06-30 13:08:11","5","pt","1742016480","2025-06-30 13:01:54","2025-06-30 13:08:10","Jvoice1","Solo - A - Familiar",,,,,"NAN",,"1 minutos","15 segundos","3.9","2.8","5","3.5","4.2","3.7","2","2.5","3","3.5","Estive focado na performance musical."
"117","2025-06-30 13:11:14","5","pt","1073536704","2025-06-30 13:09:02","2025-06-30 13:11:14","Jguitar8","Solo - A - Familiar",,,,,"NAN",,"4 minutos","40 segundos","2","2.7","2.8","1.9","2.6","2.6","1.9","3.8","3.7","3.3","Estive focado em aspetos secundários e interferentes da performance musical."
"118","2025-06-30 13:11:06","5","pt","924514409","2025-06-30 13:09:22","2025-06-30 13:11:06","Jvoice10","Solo - B - Não familiar",,,,,"NAN",,"3 minutos","2 segundos","2.6","5","3.4","2.9","1","4","2.7","2.9","1","1","Estive focado em aspetos secundários e interferentes da performance musical."
"119","2025-06-30 13:16:54","5","pt","862702871","2025-06-30 13:15:23","2025-06-30 13:16:54","Jvoice10","Solo - A - Familiar",,,,,"NAN",,"4 minutos","8 segundos","3","3.6","3.4","2.9","1","4.1","2.8","1.2","1","3.9","Estive focado em aspetos secundários e interferentes da performance musical."
"120","2025-06-30 13:19:54","5","pt","1026355829","2025-06-30 13:15:33","2025-06-30 13:19:54","Jvoice1","Solo - B - Não familiar",,,,,"NAN",,"0 minutos","40 segundos","4.1","4.9","4","2.4","2.1","4","1.6","2.5","4.7","3.8","A minha mente esteve “em branco” ou sem qualquer tipo de pensamento ativo."
"121","2025-06-30 13:20:56","5","pt","1767752602","2025-06-30 13:19:26","2025-06-30 13:20:56","Jguitar8 ","Solo - B - Não familiar",,,,,"NAN",,"4 minutos","11 segundos","3.5","2.4","3.8","3.7","3.3","3.4","1","2.8","3.5","3.2","Estive focado na performance musical."
"122","2025-06-30 13:25:36","5","pt","547881757","2025-06-30 13:23:00","2025-06-30 13:25:36","Jvoice1","Solo - C - Livre",,,,,"NAN",,"2 minutos","0 segundos","3","1.7","5","4.9","4.3","4.5","1.2","1.1","4.6","3","Estive focado na performance musical."
"123","2025-06-30 13:25:05","5","pt","837389844","2025-06-30 13:23:42","2025-06-30 13:25:05","Jguitar8 ","Solo - C - Livre",,,,,"NAN",,"3 minutos","20 segundos","3.8","2","4.2","4.2","4.1","3.8","1","2","2.4","1.8","Estive focado na performance musical."
"124","2025-06-30 13:37:01","5","pt","1412858960","2025-06-30 13:33:39","2025-06-30 13:37:01","Jdrum6","Solo - A - Familiar",,,,,"NAN",,"3 minutos","30 segundos","2","2","3","4","4.5","4","1","1","1.5","3","Estive focado em aspetos secundários e interferentes da performance musical."
"125","2025-06-30 13:41:52","5","pt","1881367365","2025-06-30 13:40:01","2025-06-30 13:41:52","Jdrum6 ","Solo - B - Não familiar",,,,,"NAN",,"2 minutos","30 segundos","3","2","4","5","5","5","1","1","1","2.5","Estive focado na performance musical."
"126","2025-06-30 13:47:20","5","pt","1578206037","2025-06-30 13:43:27","2025-06-30 13:47:20","Voz 9","Solo - B - Não familiar",,,,,"NAN",,"1 minutos","2 segundos","2.9","5","3","3","1.5","4.5","2.3","2.4","2.2","3","Estive focado em aspetos secundários e interferentes da performance musical."
"127","2025-06-30 13:48:10","5","pt","2092919138","2025-06-30 13:43:47","2025-06-30 13:48:10","JVoice8","Solo - A - Familiar",,,,,"NAN",,"5 minutos","17 segundos","2.4","3.4","3","3.3","1.9","3.6","1.7","3.4","4.1","2.4","A minha mente esteve “em branco” ou sem qualquer tipo de pensamento ativo."
"128","2025-06-30 13:47:09","5","pt","1003152786","2025-06-30 13:45:06","2025-06-30 13:47:09","Jdrum6 ","Solo - C - Livre",,,,,"NAN",,"5 minutos","0 segundos","4","3.5","5","5","3.5","5","1","2","1","2","Estive focado na performance musical."
"129","2025-06-30 13:52:42","5","pt","1178814726","2025-06-30 13:50:51","2025-06-30 13:52:42","Voz 9 ","Solo - C - Livre",,,,,"NAN",,"1 minutos","45 segundos","3","3","3.6","3.4","3.4","3.8","2.2","2.2","2.3","3","Estive focado na performance musical."
"130","2025-06-30 13:54:58","5","pt","659559671","2025-06-30 13:52:43","2025-06-30 13:54:58","Jvoice8","Solo - B - Não familiar",,,,,"NAN",,"3 minutos","53 segundos","1.9","4.7","1.9","3.4","1","2.2","2.1","3.8","3.7","3.7","Estive focado em aspetos secundários e interferentes da performance musical."
"131","2025-06-30 13:57:20","5","pt","313769556","2025-06-30 13:55:43","2025-06-30 13:57:20","Voz 9","Solo - A - Familiar",,,,,"NAN",,"1 minutos","50 segundos","3.5","2.2","3","2.7","3.5","3.9","2.8","2.9","1.9","3.4","Estive focado na performance musical."
"132","2025-06-30 14:00:43","5","pt","743349447","2025-06-30 13:58:57","2025-06-30 14:00:43","Jvoice8","Solo - C - Livre",,,,,"NAN",,"5 minutos","0 segundos","3.3","3.1","3.3","3.7","2.1","3.8","2.1","2.8","3.3","2.3","Estive focado na performance musical."
"133","2025-06-30 15:39:46","5","pt","1168063428","2025-06-30 15:35:24","2025-06-30 15:39:46","Jdrum3","Solo - C - Livre",,,,,"NAN",,"3 minutos","2 segundos","2.4","3.5","5","3.9","1.6","4.2","2.4","3.2","3.5","2.3","A minha mente esteve “em branco” ou sem qualquer tipo de pensamento ativo."
"134","2025-06-30 15:40:07","5","pt","1320315569","2025-06-30 15:36:49","2025-06-30 15:40:07","jguitar7","Solo - C - Livre",,,,,"NAN",,"5 minutos","20 segundos","4","1.1","5","5","4.5","5","1","1","4","1","Estive focado na performance musical."
"135","2025-06-30 15:43:16","5","pt","1800688287","2025-06-30 15:40:07","2025-06-30 15:43:16","jvoice5","Solo - A - Familiar",,,,,"NAN",,"5 minutos","30 segundos","2.5","3","1","2","2","4","4.5","1","4","3.5","Estive focado em aspetos secundários e interferentes da performance musical."
"136","2025-06-30 15:45:35","5","pt","2064324005","2025-06-30 15:43:43","2025-06-30 15:45:35","jguitar7","Solo - B - Não familiar",,,,,"NAN",,"3 minutos","0 segundos","3.9","1.6","5","5","3.5","5","1","1","4","1","Estive focado na performance musical."
"137","2025-06-30 15:46:02","5","pt","1711911664","2025-06-30 15:43:54","2025-06-30 15:46:02","Jdrum3","Solo - B - Não familiar",,,,,"NAN",,"2 minutos","50 segundos","2","3.8","4.6","2.2","4","3.3","3.8","4","2.3","4","Estive focado em aspetos secundários e interferentes da performance musical."
"138","2025-06-30 15:47:45","5","pt","420520154","2025-06-30 15:46:28","2025-06-30 15:47:45","jvoice5","Solo - C - Livre",,,,,"NAN",,"3 minutos","0 segundos","5","1.5","4.3","5","3.9","4","1","1","1","1","Estive focado na performance musical."
"139","2025-06-30 15:50:02","5","pt","1419083022","2025-06-30 15:48:22","2025-06-30 15:50:02","jguitar7","Solo - A - Familiar",,,,,"NAN",,"3 minutos","0 segundos","5","1","5","5","5","5","1","1","4.6","1","Estive focado na performance musical."
"140","2025-06-30 15:57:29","5","pt","1553966792","2025-06-30 15:55:37","2025-06-30 15:57:29","Jdrum3","Solo - A - Familiar",,,,,"NAN",,"2 minutos","30 segundos","2.2","3.5","4.3","1.7","4.2","3.7","3.6","4.6","3.9","4.6","Estive focado em aspetos secundários e interferentes da performance musical."
"141","2025-06-30 16:12:48","5","pt","627961131","2025-06-30 16:04:19","2025-06-30 16:12:48","aa09","Solo - C - Livre",,,,,"NAN",,"2 minutos","45 segundos","3.8","2","4","3","4.2","4","2","2","3.6","3","Estive focado na performance musical."
"142","2025-06-30 16:10:10","5","pt","1361292183","2025-06-30 16:06:35","2025-06-30 16:10:10","JDRUM2","Solo - A - Familiar",,,,,"NAN",,"2 minutos","50 segundos","1.5","3","2.7","2.2","1.8","1.8","1","4.2","4.1","1.5","A minha mente esteve “em branco” ou sem qualquer tipo de pensamento ativo."
"143","2025-06-30 16:11:55","5","pt","1301301190","2025-06-30 16:08:34","2025-06-30 16:11:55","Jvoice4","Solo - C - Livre",,,,,"NAN",,"2 minutos","2 segundos","3","3.5","4.1","4.5","2.1","4.1","1.7","2.1","3.5","3.8","Estive focado na performance musical."
"144","2025-06-30 16:16:28","5","pt","1875572203","2025-06-30 16:13:47","2025-06-30 16:16:28","JDRUM2","Solo - C - Livre",,,,,"NAN",,"3 minutos","50 segundos","3","2.2","4","3.7","4","3.9","1","1.5","2.3","4.3","Estive focado em aspetos secundários e interferentes da performance musical."
"145","2025-06-30 16:19:54","5","pt","808874780","2025-06-30 16:17:29","2025-06-30 16:19:54","aa09","Solo - A - Familiar",,,,,"NAN",,"3 minutos","30 segundos","4","2","4.2","3","2.3","3.8","2","2","3.5","3.4","Estive focado na performance musical."
"146","2025-06-30 16:19:46","5","pt","1290074089","2025-06-30 16:17:35","2025-06-30 16:19:46","Jvoice4 ","Solo - B - Não familiar",,,,,"NAN",,"2 minutos","30 segundos","2.5","3.5","3.8","3.8","2.2","3.9","1.6","2","2.8","3.5","Estive focado na performance musical."
"147","2025-06-30 16:21:33","5","pt","1972127387","2025-06-30 16:19:45","2025-06-30 16:21:33","JDRUM2","Solo - B - Não familiar",,,,,"NAN",,"2 minutos","40 segundos","1.6","3.5","2.4","2.4","2.4","2.6","1","3.2","3.9","3.9","A minha mente esteve “em branco” ou sem qualquer tipo de pensamento ativo."
"148","2025-06-30 16:26:35","5","pt","1676032711","2025-06-30 16:24:43","2025-06-30 16:26:35","Jvoice4 ","Solo - A - Familiar",,,,,"NAN",,"3 minutos","0 segundos","2.7","2.6","3.4","3.4","4","3.5","3","1.8","1.6","2.1","Estive focado na performance musical."
"149","2025-06-30 16:34:47","5","pt","813752735","2025-06-30 16:31:29","2025-06-30 16:34:47","Jdrum7","Solo - B - Não familiar",,,,,"NAN",,"2 minutos","46 segundos","3.5","2.2","4.4","3.7","4.5","4.1","4","4.2","5","3.5","A minha mente esteve “em branco” ou sem qualquer tipo de pensamento ativo."
"150","2025-06-30 16:41:18","5","pt","1976318424","2025-06-30 16:39:09","2025-06-30 16:41:18","Jdrum7","Solo - C - Livre",,,,,"NAN",,"3 minutos","23 segundos","4.1","2.3","5","5","2.7","3.8","2.1","4.3","4.8","4.4","Estive focado em algo não diretamente relacionado com a performance musical."
"151","2025-06-30 16:46:03","5","pt","1987683915","2025-06-30 16:44:28","2025-06-30 16:46:03","Jdrum7","Grupo - A - Familiar",,,,,"NAN",,"4 minutos","47 segundos","4.8","1.7","5","5","5","5","4.3","4","4.2","4.1","Estive focado na performance musical."
"152","2025-06-30 16:59:43","5","pt","1357326872","2025-06-30 16:55:52","2025-06-30 16:59:43","Jvoice3","Solo - C - Livre",,,,,"NAN",,"5 minutos","29 segundos","2.4","3.4","4.4","5","1","5","2.9","4.1","2.4","2.6","Estive focado na performance musical."
"153","2025-06-30 17:05:33","5","pt","1784336989","2025-06-30 17:03:37","2025-06-30 17:05:33","Voz 11","Solo - A - Familiar",,,,,"NAN",,"2 minutos","7 segundos","3.2","2.2","5","4.2","4.1","5","1","5","2.2","1.1","Estive focado na performance musical."
"154","2025-06-30 17:06:09","5","pt","1621067136","2025-06-30 17:03:48","2025-06-30 17:06:09","Jvoice3","Solo - A - Familiar",,,,,"NAN",,"6 minutos","16 segundos","1.8","3.5","3.5","2.4","3.6","3.4","3.7","2.9","2.7","2.4","Estive focado em algo não diretamente relacionado com a performance musical."
"155","2025-06-30 17:10:24","5","pt","1931513646","2025-06-30 17:09:22","2025-06-30 17:10:24","Voz 11","Solo - C - Livre",,,,,"NAN",,"4 minutos","5 segundos","3.8","2.5","3.8","3.8","5","5","1","5","1.6","1","Estive focado na performance musical."
"156","2025-06-30 17:14:19","5","pt","1623313967","2025-06-30 17:11:34","2025-06-30 17:14:19","Jvoice3 ","Solo - B - Não familiar",,,,,"NAN",,"9 minutos","43 segundos","1","1","3.6","2.3","1","3.9","3.9","2.2","3.6","2.2","Estive focado em aspetos secundários e interferentes da performance musical."
"157","2025-06-30 17:14:31","5","pt","823066184","2025-06-30 17:13:28","2025-06-30 17:14:31","Voz 11","Solo - B - Não familiar",,,,,"NAN",,"2 minutos","4 segundos","3.5","4.2","4","3.8","3.8","4.5","2.3","1","3","4.4","Estive focado na performance musical."
"158","2025-06-30 17:19:03","5","pt","1860588757","2025-06-30 17:15:06","2025-06-30 17:19:03","Jdrum5","Solo - B - Não familiar",,,,,"NAN",,"3 minutos","35 segundos","3.8","3","4.4","3.7","3.9","4.6","3.8","2.5","3.9","3.7","Estive focado na performance musical."
"159","2025-06-30 17:24:36","5","pt","1046319551","2025-06-30 17:22:39","2025-06-30 17:24:36","Jdrum5","Solo - A - Familiar",,,,,"NAN",,"4 minutos","20 segundos","3.9","2","4","4","4","4","2.4","3.8","4","3.8","Estive focado em elementos físicos da sala que não tinham relação com a performance musical."
"160","2025-06-30 17:29:12","5","pt","1668039875","2025-06-30 17:27:18","2025-06-30 17:29:12","Jdrum5","Solo - C - Livre",,,,,"NAN",,"2 minutos","15 segundos","4.2","2.3","4","4","4.2","4.2","2.4","2","2.2","1.9","Estive focado na performance musical."
"161",,"2","pt","1657103026","2025-07-02 22:55:29","2025-07-02 22:55:47","Jdrum5 ","Solo - A - Familiar",,,,,"NAN",,"","",,,,,,,,,,,
"162",,,"pt","1475003508","2025-07-03 11:04:10","2025-07-03 11:04:10",,,,,,,,,"","",,,,,,,,,,,
"163","2025-07-04 11:43:53","5","pt","1723785905","2025-07-04 11:39:30","2025-07-04 11:43:53","Jsax4","Solo - C - Livre",,,,,"NAN",,"5 minutos","30 segundos","3.6","2.4","4","2","1","3","1","2","3","5","Estive focado em aspetos secundários e interferentes da performance musical."
"164","2025-07-04 11:50:51","5","pt","1310833510","2025-07-04 11:47:59","2025-07-04 11:50:51","Jsax4","Solo - B - Não familiar",,,,,"NAN",,"7 minutos","0 segundos","1","5","3.5","5","4","5","1","2","1","5","Estive focado na performance musical."
"165","2025-07-04 11:59:11","5","pt","1878756511","2025-07-04 11:55:51","2025-07-04 11:59:11","Jsax4","Solo - A - Familiar",,,,,"NAN",,"10 minutos","30 segundos","2.3","2","5","2","5","3","2","3","2","2","Estive focado na performance musical."
"166","2025-07-04 12:18:09","5","pt","1968869705","2025-07-04 12:13:57","2025-07-04 12:18:09","jdrum4","Solo - A - Familiar",,,,,"NAN",,"3 minutos","4 segundos","2.6","3","3","2.2","2.2","2.7","4.2","3.6","3","3.6","Estive focado em aspetos secundários e interferentes da performance musical."
"167","2025-07-04 12:19:24","5","pt","1810810323","2025-07-04 12:15:20","2025-07-04 12:19:24","Jsax4","Grupo - C - Livre",,,,,"NAN",,"10 minutos","0 segundos","4","2","5","2","4","5","1","1","1","4","Estive focado na performance musical."
"168",,,"pt","750420986","2025-07-04 12:15:26","2025-07-04 12:15:26",,,,,,,,,"","",,,,,,,,,,,
"169","2025-07-04 12:18:32","5","pt","794350849","2025-07-04 12:15:33","2025-07-04 12:18:32","jguitar10","Grupo - C - Livre",,,,,"NAN",,"3 minutos","13 segundos","3.4","3","3","3.5","1","5","1","1","4","2","Estive focado na performance musical."
"170","2025-07-04 12:18:30","5","pt","2137236050","2025-07-04 12:15:38","2025-07-04 12:18:30","JVoice9","Grupo - C - Livre",,,,,"NAN",,"3 minutos","5 segundos","3.1","2.7","2.7","3.5","2.3","4","1.9","1.8","2","1.7","Estive focado na performance musical."
"171","2025-07-04 12:18:20","5","pt","1671067166","2025-07-04 12:15:58","2025-07-04 12:18:20","Jdrum7","Grupo - C - Livre",,,,,"NAN",,"3 minutos","24 segundos","5","4","2.1","5","4.4","5","2","4","2","3.8","Estive focado em aspetos secundários e interferentes da performance musical."
"172","2025-07-04 12:25:57","5","pt","1458528199","2025-07-04 12:22:19","2025-07-04 12:25:57","jdrum4","Solo - C - Livre",,,,,"NAN",,"2 minutos","10 segundos","3.4","3.4","3.5","2.2","2","2","4.4","3.4","3.2","4.2","Estive focado em aspetos secundários e interferentes da performance musical."
"173","2025-07-04 12:25:16","5","pt","389046573","2025-07-04 12:22:58","2025-07-04 12:25:16","Jvoice9","Grupo - B - Não familiar",,,,,"NAN",,"2 minutos","5 segundos","3.3","3.8","3.6","3.9","2.3","4.4","1.9","2","2.1","2","Estive focado em aspetos secundários e interferentes da performance musical."
"174","2025-07-04 12:25:12","5","pt","892936562","2025-07-04 12:22:59","2025-07-04 12:25:12","Jdrum7","Grupo - B - Não familiar",,,,,"NAN",,"2 minutos","45 segundos","2.2","2.6","1.7","4.1","5","5","1.3","4.4","5","1.9","Estive focado em algo não diretamente relacionado com a performance musical."
"175","2025-07-04 12:25:18","5","pt","1903774885","2025-07-04 12:23:05","2025-07-04 12:25:18","jguitar10","Grupo - B - Não familiar",,,,,"NAN",,"3 minutos","19 segundos","2.4","2.5","4","4.5","1.2","4","1","1","1.6","1","Estive focado na performance musical."
"176","2025-07-04 12:26:29","5","pt","1687291333","2025-07-04 12:23:13","2025-07-04 12:26:29","Jsax4","Grupo - B - Não familiar",,,,,"NAN",,"5 minutos","30 segundos","4","5","4","2","1","4","4","4","4","4","Estive focado em aspetos secundários e interferentes da performance musical."
"177","2025-07-04 12:33:08","5","pt","1303124598","2025-07-04 12:30:15","2025-07-04 12:33:08","jdrum4","Solo - B - Não familiar",,,,,"NAN",,"2 minutos","0 segundos","3.3","3.2","3.7","2.2","2.4","3.5","3.2","2.5","2.3","3.7","Estive focado em aspetos secundários e interferentes da performance musical."
"178","2025-07-04 12:33:02","5","pt","793211599","2025-07-04 12:30:55","2025-07-04 12:33:02","Jvoice9","Grupo - A - Familiar",,,,,"NAN",,"2 minutos","0 segundos","2.7","3","3","2.8","3","3.6","2.2","2.5","2.2","2.5","Estive focado em aspetos secundários e interferentes da performance musical."
"179","2025-07-04 12:33:29","5","pt","354356788","2025-07-04 12:30:55","2025-07-04 12:33:29","Jsax4","Grupo - A - Familiar",,,,,"NAN",,"7 minutos","20 segundos","5","4","5","2","5","4","2","2","1","4","Estive focado na performance musical."
"180","2025-07-04 12:32:47","5","pt","1426774022","2025-07-04 12:30:56","2025-07-04 12:32:47","jguitar10","Grupo - A - Familiar",,,,,"NAN",,"4 minutos","20 segundos","3.6","1","4","5","4.4","4.5","1","1","1","1","Estive focado na performance musical."
"181","2025-07-04 12:32:58","5","pt","1043998658","2025-07-04 12:30:59","2025-07-04 12:32:58","Jdrum7","Grupo - A - Familiar",,,,,"NAN",,"4 minutos","0 segundos","4.2","1.3","5","3.9","5","2","4.2","4.1","1.9","4","Estive focado em algo não diretamente relacionado com a performance musical."
"182","2025-07-04 12:48:32","5","pt","1935158255","2025-07-04 12:46:35","2025-07-04 12:48:32","Jdrum6 ","Grupo - B - Não familiar",,,,,"NAN",,"4 minutos","15 segundos","3","4","5","5","1","5","1","1","1","1","Estive focado na performance musical."
"183","2025-07-04 12:48:49","5","pt","1299077827","2025-07-04 12:46:40","2025-07-04 12:48:49","Jvoice8","Grupo - B - Não familiar",,,,,"NAN",,"6 minutos","4 segundos","3.4","3.6","2.4","1.7","1.1","2.4","1.9","3.7","3.6","2.6","Estive focado em algo não diretamente relacionado com a performance musical."
"184","2025-07-04 12:49:14","5","pt","2072528591","2025-07-04 12:46:48","2025-07-04 12:49:14","oa02","Grupo - B - Não familiar",,,,,"NAN",,"3 minutos","30 segundos","3.1","4","4","5","3.5","4.5","1","1","2.4","1.3","Estive focado em aspetos secundários e interferentes da performance musical."
"185","2025-07-04 12:48:33","5","pt","1212491926","2025-07-04 12:46:50","2025-07-04 12:48:33","Jguitar5","Grupo - B - Não familiar",,,,,"NAN",,"4 minutos","11 segundos","2.5","3.7","2.5","2","2.6","3.4","3.4","3.6","3.9","3.6","A minha mente esteve “em branco” ou sem qualquer tipo de pensamento ativo."
"186","2025-07-04 12:54:40","5","pt","322256082","2025-07-04 12:53:23","2025-07-04 12:54:40","Jdrum6 ","Grupo - A - Familiar",,,,,"NAN",,"5 minutos","0 segundos","3","1","4","5","5","5","1","1","1","1","Estive focado na performance musical."
"187","2025-07-04 12:55:11","5","pt","823885102","2025-07-04 12:53:30","2025-07-04 12:55:11","oa02","Grupo - A - Familiar",,,,,"NAN",,"4 minutos","30 segundos","4","2.7","4.5","3.9","5","4.6","1","1","1.7","3","Estive focado em aspetos secundários e interferentes da performance musical."
"188","2025-07-04 12:54:48","5","pt","1730377412","2025-07-04 12:53:35","2025-07-04 12:54:48","Jguitar5","Solo - A - Familiar",,,,,"NAN",,"5 minutos","8 segundos","4.1","2.1","3.6","3.5","4.7","4","2.4","1.8","2.7","3.3","Estive focado na performance musical."
"189","2025-07-04 12:54:56","5","pt","1233496695","2025-07-04 12:53:40","2025-07-04 12:54:56","Jvoice8","Grupo - A - Familiar",,,,,"NAN",,"4 minutos","41 segundos","3.5","2.6","3","3.4","3.7","3.5","2.1","2.3","3.5","3.2","Estive focado na performance musical."
"190","2025-07-04 12:59:23","5","pt","1381914821","2025-07-04 12:57:54","2025-07-04 12:59:23","Jdrum6 ","Grupo - C - Livre",,,,,"NAN",,"4 minutos","45 segundos","3","3","5","5","4","5","1","1","1","1","Estive focado na performance musical."
"191","2025-07-04 12:59:24","5","pt","504205140","2025-07-04 12:57:57","2025-07-04 12:59:24","Jvoice8","Grupo - C - Livre",,,,,"NAN",,"3 minutos","32 segundos","4","3.1","3.7","3.4","1.7","3.6","2.1","3.5","3.7","3.3","Estive focado na performance musical."
"192","2025-07-04 12:59:26","5","pt","1624951724","2025-07-04 12:57:58","2025-07-04 12:59:26","Jguitar5","Solo - C - Livre",,,,,"NAN",,"3 minutos","5 segundos","5","1","4.7","4.2","1.5","4.4","1.6","1.7","4","1.2","A minha mente esteve “em branco” ou sem qualquer tipo de pensamento ativo."
"193","2025-07-04 12:59:29","5","pt","846825110","2025-07-04 12:57:59","2025-07-04 12:59:29","oa02","Grupo - C - Livre",,,,,"NAN",,"5 minutos","20 segundos","5","3.5","4.3","5","5","4.4","1","1.5","1.6","2.2","Estive focado na performance musical."
"194","2025-07-04 13:12:41","5","pt","236070851","2025-07-04 13:10:18","2025-07-04 13:12:41","Jsax1","Grupo - C - Livre",,,,,"NAN",,"3 minutos","0 segundos","2.4","3.4","3.6","3.8","2.5","4","2","2.2","2.2","3.8","Estive focado na performance musical."
"195",,"2","pt","190195609","2025-07-04 13:10:40","2025-07-04 13:12:03","J Voice1","Grupo - A - Familiar",,,,,"NAN",,"","",,,,,,,,,,,
"196","2025-07-04 13:14:29","5","pt","59177910","2025-07-04 13:10:45","2025-07-04 13:14:29","JDRUM2","Grupo - C - Livre",,,,,"NAN",,"2 minutos","15 segundos","4","2","5","5","3.5","4.8","1","1","1","3.1","Estive focado na performance musical."
"197","2025-07-04 13:15:08","5","pt","1181163610","2025-07-04 13:12:54","2025-07-04 13:15:08","J voice 1","Grupo - C - Livre",,,,,"NAN",,"1 minutos","30 segundos","4.4","3","4.5","4.4","2.5","4.6","1","1.1","4.1","2.3","Estive focado na performance musical."
"198","2025-07-04 13:21:55","5","pt","2088324334","2025-07-04 13:18:56","2025-07-04 13:21:55","J voice1","Grupo - B - Não familiar",,,,,"NAN",,"1 minutos","0 segundos","5","5","2.3","2.2","2.4","4","1.4","3.7","4.8","1.9","A minha mente esteve “em branco” ou sem qualquer tipo de pensamento ativo."
"199","2025-07-04 13:21:10","5","pt","1912707372","2025-07-04 13:19:01","2025-07-04 13:21:10","Jsax1","Grupo - B - Não familiar",,,,,"NAN",,"2 minutos","30 segundos","3.8","2.4","4","3.4","4","4.2","2","2.4","2.7","3.6","Estive focado em aspetos secundários e interferentes da performance musical."
"200","2025-07-04 13:21:32","5","pt","1642565616","2025-07-04 13:19:05","2025-07-04 13:21:32","JDRUM","Grupo - B - Não familiar",,,,,"NAN",,"3 minutos","22 segundos","3.1","3","3.6","3.6","4.4","3.9","1","3.5","2","3","Estive focado na performance musical."
"201","2025-07-04 13:28:40","5","pt","1993370943","2025-07-04 13:26:50","2025-07-04 13:28:40","JDRUM2","Grupo - A - Familiar",,,,,"NAN",,"3 minutos","30 segundos","3.2","2.1","4.1","4.1","4.2","4.1","1","1","1.3","3.1","Estive focado na performance musical."
"202","2025-07-04 13:29:17","5","pt","994221282","2025-07-04 13:27:02","2025-07-04 13:29:17","Jsax1 ","Grupo - A - Familiar",,,,,"NAN",,"1 minutos","30 segundos","3","1.8","3.4","3.2","4.8","4.2","2","3.4","2.4","3.8","Estive focado na performance musical."
"203","2025-07-04 13:30:35","5","pt","1543741959","2025-07-04 13:27:11","2025-07-04 13:30:35","J voice ","Grupo - A - Familiar",,,,,"NAN",,"1 minutos","0 segundos","1.9","4","3","2.2","3.6","3","1.6","3","4","2.5","Estive focado em algo não diretamente relacionado com a performance musical."
"204","2025-07-04 13:52:35","5","pt","936778573","2025-07-04 13:49:58","2025-07-04 13:52:35","Jpiano1","Grupo - A - Familiar",,,,,"NAN",,"5 minutos","10 segundos","2.3","4.6","2.3","3.2","5","5","1","2.1","1","1.8","Estive focado na performance musical."
"205","2025-07-04 13:52:03","5","pt","1055333902","2025-07-04 13:50:07","2025-07-04 13:52:03","jbass1","Grupo - A - Familiar",,,,,"NAN",,"3 minutos","0 segundos","1.4","1","1.2","2","5","4.1","1","1","4.5","1","Estive focado na performance musical."
"206","2025-07-04 13:53:46","5","pt","602559361","2025-07-04 13:50:16","2025-07-04 13:53:46","jdrum4","Grupo - A - Familiar",,,,,"NAN",,"3 minutos","25 segundos","3","1.8","3.5","3.7","4.5","4.5","3.8","3.3","1.5","3","Estive focado na performance musical."
"207","2025-07-04 13:52:27","5","pt","330373077","2025-07-04 13:50:42","2025-07-04 13:52:27","jvoice5","Grupo - A - Familiar",,,,,"NAN",,"2 minutos","15 segundos","3","1.5","3","3","5","4","1","2","2","4","Estive focado em aspetos secundários e interferentes da performance musical."
"208","2025-07-04 13:59:01","5","pt","1439452294","2025-07-04 13:56:56","2025-07-04 13:59:01","jdrum4","Grupo - C - Livre",,,,,"NAN",,"2 minutos","5 segundos","3","3.7","4.5","4","1.5","4.2","1.8","2.2","2","3.8","Estive focado na performance musical."
"209","2025-07-04 13:58:24","5","pt","127604863","2025-07-04 13:57:00","2025-07-04 13:58:24","jbass1","Grupo - C - Livre",,,,,"NAN",,"1 minutos","30 segundos","4.1","3.3","3.3","5","3.1","5","1","1","1","1","Estive focado na performance musical."
"210","2025-07-04 13:58:42","5","pt","1252600265","2025-07-04 13:57:01","2025-07-04 13:58:42","Jpiano1","Grupo - C - Livre",,,,,"NAN",,"3 minutos","10 segundos","3.6","1.6","3.9","4.6","3.5","5","1.1","1","3.4","2.2","Estive focado na performance musical."
"211","2025-07-04 13:58:40","5","pt","1911774606","2025-07-04 13:57:05","2025-07-04 13:58:40","jvoice5","Grupo - C - Livre",,,,,"NAN",,"5 minutos","20 segundos","5","4","5","5","1","4.5","2","1","1","4","Estive focado na performance musical."
"212","2025-07-04 14:03:59","5","pt","1981479644","2025-07-04 14:02:53","2025-07-04 14:03:59","jbass1","Grupo - B - Não familiar",,,,,"NAN",,"2 minutos","0 segundos","3.9","1.5","2","5","5","5","1","1","1","1","Estive focado na performance musical."
"213","2025-07-04 14:04:46","5","pt","727226838","2025-07-04 14:02:57","2025-07-04 14:04:46","Jpiano1","Grupo - B - Não familiar",,,,,"NAN",,"6 minutos","11 segundos","1.7","3.9","1.9","2.6","3.9","5","1","1","1.7","2","Estive focado na performance musical."
"214","2025-07-04 14:05:10","5","pt","433132516","2025-07-04 14:02:58","2025-07-04 14:05:10","jdrum4","Grupo - B - Não familiar",,,,,"NAN",,"2 minutos","5 segundos","3","1.8","4","3.8","3.5","4","4.5","2.4","2.2","3.8","Estive focado em aspetos secundários e interferentes da performance musical."
"215","2025-07-04 14:04:32","5","pt","1382391542","2025-07-04 14:03:07","2025-07-04 14:04:32","jvoice5","Grupo - B - Não familiar",,,,,"NAN",,"4 minutos","10 segundos","1","5","2","3","1","5","1","4","4","4","Estive focado na performance musical."
"216","2025-07-04 15:51:51","5","pt","683690882","2025-07-04 15:49:58","2025-07-04 15:51:51","Jsax2","Grupo - A - Familiar",,,,,"NAN",,"3 minutos","10 segundos","3.8","5","1","2","5","1.3","4.2","2.1","4.2","4.1","A minha mente esteve “em branco” ou sem qualquer tipo de pensamento ativo."
"217","2025-07-04 15:51:23","5","pt","507572537","2025-07-04 15:49:58","2025-07-04 15:51:23","jguitar8 ","Grupo - A - Familiar",,,,,"NAN",,"6 minutos","15 segundos","3.8","2.1","4.3","3.7","4.4","4.2","1","3.4","1.3","3.4","Estive focado na performance musical."
"218","2025-07-04 15:51:44","5","pt","1344978899","2025-07-04 15:49:59","2025-07-04 15:51:44","Jpiano3","Grupo - A - Familiar",,,,,"NAN",,"3 minutos","47 segundos","4.4","2.4","4.5","4.5","3.7","4","1","1.2","4.3","1.3","Estive focado na performance musical."
"219","2025-07-04 15:51:50","5","pt","1322994412","2025-07-04 15:50:03","2025-07-04 15:51:50","Jdrum3","Grupo - A - Familiar",,,,,"NAN",,"2 minutos","40 segundos","4","1.3","4.1","4.5","5","4.4","3.6","1.8","4","1.7","Estive focado na performance musical."
"220","2025-07-04 15:57:12","5","pt","199387929","2025-07-04 15:55:36","2025-07-04 15:57:12","Jsax2","Grupo - C - Livre",,,,,"NAN",,"5 minutos","0 segundos","4.2","1","3.7","5","5","4.6","1.3","1.4","1.4","1.1","Estive focado na performance musical."
"221","2025-07-04 15:57:03","5","pt","899809186","2025-07-04 15:55:47","2025-07-04 15:57:03","Jguitar8 ","Grupo - C - Livre",,,,,"NAN",,"5 minutos","34 segundos","2.6","3.4","3","3.2","3.5","3.3","1","3.1","2.1","3.2","Estive focado na performance musical."
"222","2025-07-04 15:57:07","5","pt","1775937943","2025-07-04 15:55:47","2025-07-04 15:57:07","Jpiano3","Grupo - C - Livre",,,,,"NAN",,"4 minutos","39 segundos","4.3","1.5","4.8","4.5","3.8","4.2","1","1.2","4.3","1.1","A minha mente esteve “em branco” ou sem qualquer tipo de pensamento ativo."
"223","2025-07-04 15:57:25","5","pt","1447280906","2025-07-04 15:55:59","2025-07-04 15:57:25","Jdrum3","Grupo - C - Livre",,,,,"NAN",,"3 minutos","25 segundos","2.3","3.6","5","4.7","1.8","4","2","2.2","3.8","2.2","Estive focado na performance musical."
"224","2025-07-04 16:05:04","5","pt","2006954917","2025-07-04 16:03:14","2025-07-04 16:05:04","Jpiano3","Grupo - B - Não familiar",,,,,"NAN",,"5 minutos","54 segundos","3.5","4.2","4","3.9","2.5","3.6","1","1.2","4.1","1.4","Estive focado na performance musical."
"225","2025-07-04 16:05:00","5","pt","1402145066","2025-07-04 16:03:20","2025-07-04 16:05:00","Jdrum3","Grupo - B - Não familiar",,,,,"NAN",,"3 minutos","40 segundos","2.1","4.1","4.9","2.2","3.3","4.1","2.1","3.6","3.7","3.6","Estive focado em aspetos secundários e interferentes da performance musical."
"226","2025-07-04 16:04:48","5","pt","897065024","2025-07-04 16:03:20","2025-07-04 16:04:48","Jsax2","Grupo - B - Não familiar",,,,,"NAN",,"6 minutos","12 segundos","3.7","1","4.7","5","5","5","1.6","1","1.4","1.7","Estive focado na performance musical."
"227","2025-07-04 16:04:22","5","pt","989497465","2025-07-04 16:03:25","2025-07-04 16:04:22","Jguitar8 ","Grupo - B - Não familiar",,,,,"NAN",,"7 minutos","13 segundos","2.4","3.7","2.5","3","3.3","3.5","1","3.6","1.5","3.4","Estive focado em algo não diretamente relacionado com a performance musical."
"228","2025-07-04 16:17:30","5","pt","430767070","2025-07-04 16:15:14","2025-07-04 16:17:30","Jguitar4","Grupo - B - Não familiar",,,,,"NAN",,"5 minutos","0 segundos","3","2","5","4","4.5","4.1","1.7","1.8","2.2","1.5","Estive focado na performance musical."
"229","2025-07-04 16:17:59","5","pt","818299525","2025-07-04 16:15:50","2025-07-04 16:17:59","Jdrums5","Grupo - B - Não familiar",,,,,"NAN",,"4 minutos","15 segundos","3.9","2.4","3.8","4.4","4.2","4.2","2.2","2.3","2.3","4.1","Estive focado na performance musical."
"230","2025-07-04 16:18:11","5","pt","1200540801","2025-07-04 16:15:53","2025-07-04 16:18:11","Jvoice6","Grupo - B - Não familiar",,,,,"NAN",,"5 minutos","57 segundos","2.1","3.4","4","3.8","1.6","4.1","1.8","2.1","3","2.9","Estive focado em aspetos secundários e interferentes da performance musical."
"231","2025-07-04 16:23:30","5","pt","477001051","2025-07-04 16:22:00","2025-07-04 16:23:30","Jguitar4","Grupo - A - Familiar",,,,,"NAN",,"3 minutos","0 segundos","3.9","1.9","5","3","4","4.4","2.4","1.8","1.9","2.2","Estive focado na performance musical."
"232","2025-07-04 16:24:17","5","pt","1457898472","2025-07-04 16:22:17","2025-07-04 16:24:17","Jdrum5","Grupo - A - Familiar",,,,,"NAN",,"4 minutos","12 segundos","4","1.6","4.2","4","4","5","1.7","1.6","1.7","1.5","Estive focado na performance musical."
"233","2025-07-04 16:30:17","5","pt","418741250","2025-07-04 16:28:18","2025-07-04 16:30:17","Jvoice6","Grupo - A - Familiar",,,,,"NAN",,"3 minutos","36 segundos","5","2.1","4.4","3.7","4.6","4.5","1.8","3","2","3","A minha mente esteve “em branco” ou sem qualquer tipo de pensamento ativo."
"234","2025-07-04 16:36:32","5","pt","333616066","2025-07-04 16:33:44","2025-07-04 16:36:32","Jguitar4","Grupo - C - Livre",,,,,"NAN",,"3 minutos","0 segundos","2.4","4.4","4","4.1","2.3","4.1","2","2.2","2.9","3.9","Estive focado na performance musical."
"235","2025-07-04 16:35:37","5","pt","237202405","2025-07-04 16:33:54","2025-07-04 16:35:37","Jdrum5 ","Grupo - C - Livre",,,,,"NAN",,"3 minutos","15 segundos","5","1","5","4.4","2.5","5","1.7","1.6","4.4","1.6","Estive focado na performance musical."
"236","2025-07-04 16:36:41","5","pt","492979181","2025-07-04 16:34:10","2025-07-04 16:36:41","Jvoice6","Grupo - C - Livre",,,,,"NAN",,"3 minutos","13 segundos","5","1","5","3","3","5","2","3","3","2.1","Estive focado na performance musical."
"237","2025-07-04 16:45:04","5","pt","539070455","2025-07-04 16:42:28","2025-07-04 16:45:04","Jsax5","Grupo - A - Familiar",,,,,"NAN",,"3 minutos","40 segundos","3","2","2","4.5","5","4.5","1","1.5","3.5","1","Estive focado na performance musical."
"238","2025-07-04 16:44:18","5","pt","1999651537","2025-07-04 16:42:39","2025-07-04 16:44:18","Jvoice10","Grupo - A - Familiar",,,,,"NAN",,"2 minutos","3 segundos","2.8","3","2.8","3","5","3.3","1","2.1","3.7","3.8","Estive focado em aspetos secundários e interferentes da performance musical."
"239","2025-07-04 16:45:07","5","pt","2107371529","2025-07-04 16:42:54","2025-07-04 16:45:07","Jpiano2","Grupo - A - Familiar",,,,,"NAN",,"2 minutos","30 segundos","3.5","1.6","2.3","2.5","3.7","3.4","3.4","3.4","4","3.5","A minha mente esteve “em branco” ou sem qualquer tipo de pensamento ativo."
"240","2025-07-04 16:49:30","5","pt","959721070","2025-07-04 16:48:08","2025-07-04 16:49:30","Jsax5 ","Grupo - C - Livre",,,,,"NAN",,"3 minutos","10 segundos","3","3.5","5","5","2.5","5","1","1","1","1","Estive focado na performance musical."
"241","2025-07-04 16:49:34","5","pt","990404047","2025-07-04 16:48:17","2025-07-04 16:49:34","Jvoice10","Grupo - C - Livre",,,,,"NAN",,"1 minutos","1 segundos","3","3.8","5","5","1","5","1","1","1","3","Estive focado na performance musical."
"242","2025-07-04 16:49:53","5","pt","29427041","2025-07-04 16:48:19","2025-07-04 16:49:53","Jpiano2","Grupo - C - Livre",,,,,"NAN",,"3 minutos","23 segundos","2.6","2.7","4","4.2","3.7","4.5","2.7","2.4","2.4","2.5","Estive focado na performance musical."
"243","2025-07-04 16:54:54","5","pt","1728883720","2025-07-04 16:53:38","2025-07-04 16:54:54","Jsax5 ","Grupo - B - Não familiar",,,,,"NAN",,"4 minutos","0 segundos","4","1","4","4","4.1","4.5","1","2.7","3.5","1","Estive focado na performance musical."
"244","2025-07-04 16:55:02","5","pt","368713848","2025-07-04 16:53:42","2025-07-04 16:55:02","Jpiano2","Grupo - B - Não familiar",,,,,"NAN",,"3 minutos","30 segundos","2.6","3.3","3.8","4.6","3.5","4.5","1.9","2.3","2.3","4.3","Estive focado na performance musical."
"245","2025-07-04 16:54:58","5","pt","1943266455","2025-07-04 16:53:46","2025-07-04 16:54:58","Jvoice10","Grupo - B - Não familiar",,,,,"NAN",,"3 minutos","2 segundos","3","3.9","3","4.1","2.2","4.5","1","1","1","1","Estive focado na performance musical."
"246",,,"pt","1392985570","2025-07-14 17:34:50","2025-07-14 17:34:50",,,,,,,,,"","",,,,,,,,,,,
"247","2025-10-10 10:48:57","5","pt","44549220","2025-10-10 10:46:22","2025-10-10 10:48:57","PJ2harmonic1","Solo - B - Não familiar",,,,,"NAN",,"3 minutos","7 segundos","3.9","2.4","3.9","4.2","3.6","3.6","1","2.1","2.2","1.8","Estive focado na performance musical."
"248","2025-10-10 10:55:50","5","pt","342768237","2025-10-10 10:53:51","2025-10-10 10:55:50","PJ2harmonic1","Solo - C - Livre",,,,,"NAN",,"4 minutos","7 segundos","3.5","1.4","4.5","4.6","4.3","4.2","1.6","1.6","4.2","1.6","Estive focado na performance musical."
"249","2025-10-10 11:01:17","5","pt","1118826226","2025-10-10 11:00:04","2025-10-10 11:01:17","PJ2harmonic1","Solo - A - Familiar",,,,,"NAN",,"4 minutos","7 segundos","4.1","2.4","3.7","4.1","4.4","4.2","2.8","2.1","2.4","1.4","Estive focado na performance musical."
"250","2025-10-10 11:23:12","5","pt","67264097","2025-10-10 11:19:41","2025-10-10 11:23:12","PJ2melodic1","Grupo - C - Livre",,,,,"NAN",,"3 minutos","30 segundos","3.7","2.1","4.1","3.9","4.6","4.4","1.8","1.6","1.7","1.3","Estive focado na performance musical."
"251","2025-10-10 11:21:10","5","pt","1600055350","2025-10-10 11:19:42","2025-10-10 11:21:10","PJ2HARMONIC1 ","Grupo - C - Livre",,,,,"NAN",,"3 minutos","7 segundos","4","2.7","4.4","5","3.5","5","1.1","1.2","3.9","1.2","Estive focado na performance musical."
"252","2025-10-10 11:24:26","5","pt","1091435598","2025-10-10 11:19:48","2025-10-10 11:24:26","pj2bass1","Grupo - C - Livre",,,,,"NAN",,"4 minutos","50 segundos","3.9","2.2","4.5","3","3.9","3.7","2.4","2.6","3.6","3","Estive focado na performance musical."
"253","2025-10-10 11:33:46","5","pt","1606069477","2025-10-10 11:30:38","2025-10-10 11:33:46","PJ2melodic1","Grupo - A - Familiar",,,,,"NAN",,"4 minutos","10 segundos","3.4","2.2","3.7","4.1","4.2","4.6","1.8","1.7","3.5","1.5","Estive focado em aspetos secundários e interferentes da performance musical."
"254","2025-10-10 11:32:12","5","pt","1733401239","2025-10-10 11:30:38","2025-10-10 11:32:12","PJ2HARMONIC1 ","Grupo - A - Familiar",,,,,"NAN",,"3 minutos","7 segundos","4.5","2.7","4.3","4.7","4","4.8","1.4","1.1","1.4","1.4","Estive focado na performance musical."
"255","2025-10-10 11:33:27","5","pt","1094624644","2025-10-10 11:30:47","2025-10-10 11:33:27","pj2bass1","Grupo - A - Familiar",,,,,"NAN",,"3 minutos","45 segundos","3","3","3.5","3","4.4","2.4","2.3","2.5","4","2.5","Estive focado em algo não diretamente relacionado com a performance musical."
"256","2025-10-10 11:40:18","5","pt","1663597566","2025-10-10 11:38:23","2025-10-10 11:40:18","PJ2melodic1","Grupo - B - Não familiar",,,,,"NAN",,"3 minutos","26 segundos","3.3","3.5","4","4.3","2.6","4.6","1.1","1.6","1.4","1","Estive focado na performance musical."
"257","2025-10-10 11:39:43","5","pt","986367082","2025-10-10 11:38:29","2025-10-10 11:39:43","PJ2HARMONIC1 ","Grupo - B - Não familiar",,,,,"NAN",,"3 minutos","7 segundos","4","2.4","4.6","4.6","3.7","4.5","1.2","1.1","2.1","1.2","Estive focado em aspetos secundários e interferentes da performance musical."
"258","2025-10-10 11:42:12","5","pt","1450637501","2025-10-10 11:38:32","2025-10-10 11:42:12","pj2bass1","Grupo - B - Não familiar",,,,,"NAN",,"4 minutos","0 segundos","3","2.2","3.3","3.5","2.5","3.5","3.7","3.6","3.1","3.6","Estive focado na performance musical."
"259","2025-10-10 11:49:48","5","pt","1652728349","2025-10-10 11:47:16","2025-10-10 11:49:48","PJmelodic1","Solo - C - Livre",,,,,"NAN",,"3 minutos","10 segundos","2.2","3.5","4","2.6","3.6","4.1","3.3","3.4","2","3.6","Estive focado em aspetos secundários e interferentes da performance musical."
"260","2025-10-10 11:50:28","5","pt","344534815","2025-10-10 11:47:30","2025-10-10 11:50:28","pj2bass1","Solo - A - Familiar",,,,,"NAN",,"5 minutos","0 segundos","2.5","3","3.5","3.8","3","4","3.5","3.5","4","3.5","Estive focado na performance musical."
"261","2025-10-10 11:55:00","5","pt","1136270981","2025-10-10 11:53:15","2025-10-10 11:55:00","PJ2melodic1","Solo - A - Familiar",,,,,"NAN",,"2 minutos","30 segundos","2.5","2.5","3.5","3.5","4.1","3.7","1","2.5","3.6","3.5","Estive focado na performance musical."
"262","2025-10-10 11:55:38","5","pt","1410959543","2025-10-10 11:53:29","2025-10-10 11:55:38","pj2bass1","Solo - C - Livre",,,,,"NAN",,"4 minutos","0 segundos","3.2","2.7","3.3","3.3","3","3.7","4","3.2","3.9","3.6","Estive focado na performance musical."
"263","2025-10-10 12:00:56","5","pt","1473081457","2025-10-10 11:58:45","2025-10-10 12:00:56","pj2bass1 ","Solo - B - Não familiar",,,,,"NAN",,"4 minutos","0 segundos","3","2","3.5","3.4","3","4","3.5","4.3","4.1","3.5","Estive focado na performance musical."
"264","2025-10-10 12:00:39","5","pt","102006496","2025-10-10 11:59:21","2025-10-10 12:00:39","PJ2melodic1","Solo - B - Não familiar",,,,,"NAN",,"3 minutos","0 segundos","2.7","4.5","3.7","3.9","2","4.6","1.3","3.4","1.8","3.6","Estive focado na performance musical."
"265","2025-10-10 12:20:07","5","pt","967795170","2025-10-10 12:16:50","2025-10-10 12:20:07","PJ2Bass2","Solo - A - Familiar",,,,,"NAN",,"1 minutos","40 segundos","2","2.9","4.1","3.9","3.8","3.7","4.1","3.8","3.7","3","Estive focado na performance musical."
"266","2025-10-10 12:25:33","5","pt","2104330629","2025-10-10 12:21:33","2025-10-10 12:25:33","OA09","Solo - A - Familiar",,,,,"NAN",,"4 minutos","12 segundos","3.9","2.9","3.8","1.5","3.1","3","1.1","3","4.1","3","Estive focado na performance musical."
"267","2025-10-10 12:27:16","5","pt","134284412","2025-10-10 12:25:09","2025-10-10 12:27:16","PJ2Bass2","Solo - C - Livre",,,,,"NAN",,"2 minutos","0 segundos","2.4","2.9","4.3","3.9","3.5","3.7","2.2","1.9","3.3","1.8","A minha mente esteve “em branco” ou sem qualquer tipo de pensamento ativo."
"268","2025-10-10 12:33:49","5","pt","1946235373","2025-10-10 12:31:20","2025-10-10 12:33:49","OA09","Solo - B - Não familiar",,,,,"NAN",,"3 minutos","39 segundos","4.1","4","2.2","1","2.9","1.5","3","4.3","4.4","4.5","A minha mente esteve “em branco” ou sem qualquer tipo de pensamento ativo."
"269","2025-10-10 12:34:19","5","pt","1432945544","2025-10-10 12:32:41","2025-10-10 12:34:19","PJ2Bass2","Solo - B - Não familiar",,,,,"NAN",,"2 minutos","15 segundos","2.4","3.2","4.2","4.6","3.6","4.6","1.5","1.5","1.6","2.2","Estive focado na performance musical."
"270","2025-10-10 12:40:37","5","pt","356653483","2025-10-10 12:38:20","2025-10-10 12:40:37","OA09","Solo - C - Livre",,,,,"NAN",,"4 minutos","6 segundos","3","2.5","4.8","4.1","4.2","4","1.5","3","1.5","3.1","Estive focado na performance musical."
"271","2025-10-10 12:50:31","5","pt","1889151704","2025-10-10 12:47:19","2025-10-10 12:50:31","OA09","Grupo - B - Não familiar",,,,,"NAN",,"4 minutos","6 segundos","3","3","1.6","3","3.8","3.6","3.8","3.9","2.9","3.1","Estive focado na performance musical."
"272","2025-10-10 12:53:25","5","pt","1900089673","2025-10-10 12:47:22","2025-10-10 12:53:25","João PJ2 drums2","Solo - B - Não familiar",,,,,"NAN",,"2 minutos","12 segundos","3.9","4","3.7","2.5","4.2","3.7","1.3","2.3","3.2","2.7","Estive focado em aspetos secundários e interferentes da performance musical."
"273","2025-10-10 12:49:13","5","pt","295380064","2025-10-10 12:47:38","2025-10-10 12:49:13","PJ2Bass2","Grupo - B - Não familiar",,,,,"NAN",,"1 minutos","30 segundos","4.9","3.9","4.2","4.2","3.6","4.1","1","1","1","3.2","Estive focado na performance musical."
"274","2025-10-10 12:53:33","5","pt","17977687","2025-10-10 12:47:38","2025-10-10 12:53:33","PJ2melody2","Solo - B - Não familiar",,,,,"NAN",,"3 minutos","10 segundos","2.4","2.6","2.1","3.5","2.1","3.7","1.5","1.4","1.8","2.1","Estive focado na performance musical."
"275","2025-10-10 13:00:32","5","pt","1909806003","2025-10-10 12:57:58","2025-10-10 13:00:32","PJ2 drums2","Grupo - C - Livre",,,,,"NAN",,"4 minutos","4 segundos","2","2","4.2","3.6","4.2","4.3","2.3","2.5","1.9","3.5","Estive focado na performance musical."
"276","2025-10-10 13:00:41","5","pt","1182059276","2025-10-10 12:57:58","2025-10-10 13:00:41","PJ2Bass2","Grupo - C - Livre",,,,,"NAN",,"4 minutos","0 segundos","2.4","2.6","3.8","2.5","3.7","3.9","3.1","3.9","4","3.9","Estive focado na performance musical."
"277","2025-10-10 12:59:56","5","pt","993110517","2025-10-10 12:57:58","2025-10-10 12:59:56","OA09","Grupo - C - Livre",,,,,"NAN",,"5 minutos","6 segundos","3.1","3.1","4.1","3.1","4.3","3.8","3","3","1.5","2.9","Estive focado na performance musical."
"278","2025-10-10 13:02:54","5","pt","522382549","2025-10-10 12:58:01","2025-10-10 13:02:54","PJ2melody2 ","Grupo - C - Livre",,,,,"NAN",,"4 minutos","43 segundos","2.4","1","4","4.2","3.6","3.9","1.2","4","2.8","1.3","Estive focado na performance musical."
"279","2025-10-10 13:11:04","5","pt","1883821624","2025-10-10 13:06:46","2025-10-10 13:11:04","OA09","Grupo - A - Familiar",,,,,"NAN",,"5 minutos","7 segundos","3","3.6","1.3","1.8","3.9","2.9","4.1","1.7","3","2.9","Estive focado em aspetos secundários e interferentes da performance musical."
"280","2025-10-10 13:11:16","5","pt","901288965","2025-10-10 13:07:02","2025-10-10 13:11:16","PJ2 drums2","Grupo - A - Familiar",,,,,"NAN",,"4 minutos","48 segundos","2.2","3.2","2.6","2","3.4","3.5","3","2.8","2.5","3.2","Estive focado na performance musical."
"281","2025-10-10 13:09:17","5","pt","1722656889","2025-10-10 13:07:13","2025-10-10 13:09:17","PJ2Bass2","Grupo - A - Familiar",,,,,"NAN",,"4 minutos","30 segundos","3.1","2.2","3.8","2.1","4.3","4.1","1.9","1.8","1","1.9","Estive focado na performance musical."
"282","2025-10-10 13:11:14","5","pt","332710441","2025-10-10 13:07:20","2025-10-10 13:11:14","PJ2melody2 ","Grupo - A - Familiar",,,,,"NAN",,"5 minutos","20 segundos","2.4","2.3","3.7","3.8","4","4","1","1.9","1.4","3.5","Estive focado na performance musical."
"283","2025-10-10 13:19:31","5","pt","1365412721","2025-10-10 13:17:11","2025-10-10 13:19:31","PJ drums2","Solo - A - Familiar",,,,,"NAN",,"3 minutos","26 segundos","3.8","4.1","3.5","1.7","3.8","2.7","1.4","4.3","3.8","4.2","Estive focado em aspetos secundários e interferentes da performance musical."
"284","2025-10-10 13:21:05","5","pt","2034335255","2025-10-10 13:18:31","2025-10-10 13:21:05","PJ2MELODY2 ","Grupo - B - Não familiar",,,,,"NAN",,"3 minutos","56 segundos","2.9","3.7","3.6","4.3","1.3","4","1.3","1.3","1.2","1.3","Estive focado na performance musical."
"285","2025-10-10 13:24:12","5","pt","2052957668","2025-10-10 13:22:12","2025-10-10 13:24:12","PJ2 drums2","Solo - C - Livre",,,,,"NAN",,"2 minutos","57 segundos","3.7","2.9","4.6","4.3","3.8","4","3.3","3.4","1","2.7","Estive focado na performance musical."
"286","2025-10-10 13:28:13","5","pt","267888220","2025-10-10 13:25:17","2025-10-10 13:28:13","PJ2melody2 ","Solo - A - Familiar",,,,,"NAN",,"3 minutos","42 segundos","3.1","4.1","4.4","4.6","1.9","4.7","1.5","1.4","1.3","1.2","Estive focado na performance musical."
"287","2025-10-10 13:30:07","5","pt","1645178018","2025-10-10 13:28:24","2025-10-10 13:30:07","PJ drums2 ","Solo - B - Não familiar",,,,,"NAN",,"3 minutos","37 segundos","2.1","4.1","1.7","1.9","4.1","1.6","3.1","3.4","4","4.5","Estive focado em elementos físicos da sala que não tinham relação com a performance musical."
"288","2025-10-10 13:33:38","5","pt","1776820249","2025-10-10 13:31:07","2025-10-10 13:33:38","PJ2melody2 ","Solo - C - Livre",,,,,"NAN",,"3 minutos","43 segundos","2.6","3.2","3.7","3.9","2.3","4.1","1.8","2.4","2.4","1.3","Estive focado na performance musical."
