id. ID da resposta;data_collection;submitdate. Data de submissão;seed. Semente;startdate. Data de início;datestamp. Data da última acção;ID de participante;Tipo de instrumento ;G01Q06. Escolha o ID da sessão;Assigned_group;Group-Solo;Type-improv;Real_duration(s);Duration_estimate[min.];Duration_estimate[sec.];PoT[slow/fast];difficulty[easy/difficult];engagementEmotional[boring/interesting];engagementAttention[distracted/focused];familiarity[unfamiliar/familiar];focoMusica[SQ001]. Estive focado na performance musical.;focoSala[SQ001]. A minha atenção desviou-se para elementos da sala que não tinham relação com a performance musical.;focoPensExter[SQ001]. A minha atenção desviou-se para pensamentos não diretamente relacionados com a performance musical.;Branco[SQ001]. Houve momentos em que a minha mente estava “em branco” ou sem qualquer tipo de pensamento ativo.;SecundarioMusica[SQ001]. Tive pensamentos ou preocupações relacionadas com aspetos secundários e interferentes da performance musical.;Probe2. Indique. por favor. qual dos seguintes estados mentais foi mais predominante neste take:;Formato audio
3;PJ;2025-02-03 16:39:35;700985127;2025-02-03 16:33:35;2025-02-03 16:39:35;LA06H;Harmonic;Grupo - B - Não familiar;Group0;Group;B;130;3;20;4;3.5;3.5;4;4.5;4.5;1;1.5;2;3;Estive focado na performance musical.;.mp3
4;PJ;2025-02-03 16:38:37;1847374883;2025-02-03 16:33:38;2025-02-03 16:38:37;oa03B;Bass;Grupo - B - Não familiar;Group0;Group;B;130;3;20;3;1.8;2;4.5;4.5;4;1;1.7;3;1.5;Estive focado na performance musical.;.mp3
5;PJ;2025-02-03 16:39:51;986712179;2025-02-03 16:33:40;2025-02-03 16:39:51;oa07D;Drum;Grupo - B - Não familiar;Group0;Group;B;130;3;37;3;1.5;4;3.5;4;4.5;1;1;5;1;Estive focado na performance musical.;.mp3
6;PJ;2025-02-03 16:37:32;564415062;2025-02-03 16:33:56;2025-02-03 16:37:32;OA05M;Melodic;Grupo - B - Não familiar;Group0;Group;B;130;2;58;3.8;1.4;3.7;3.7;3.8;3.6;1.6;1.7;1.8;2.2;Estive focado na performance musical.;.mp3
34;PJ;2025-02-04 13:07:16;1648400236;2025-02-04 13:04:30;2025-02-04 13:07:16;ea09D;Drum;Grupo - B - Não familiar;Group1;Group;B;170;3;0;3;1.6;3.8;5;4;4.9;1.2;1.3;1;1.1;Estive focado na performance musical.;.mp3
35;PJ;2025-02-04 13:07:24;629990082;2025-02-04 13:04:35;2025-02-04 13:07:24;hh04H;Harmonic;Grupo - B - Não familiar;Group1;Group;B;170;3;0;3.4;4;4.3;2.8;5;3.3;1;3.4;2.2;1.3;Estive focado na performance musical.;.mp3
36;PJ;2025-02-04 13:08:07;8722201;2025-02-04 13:04:49;2025-02-04 13:08:07;MM04M;Melodic;Grupo - B - Não familiar;Group1;Group;B;170;3;0;2;3.7;4.3;5;5;4.7;1.5;1;1.3;1.5;Estive focado na performance musical.;.mp3
37;PJ;2025-02-04 13:09:21;743277941;2025-02-04 13:06:27;2025-02-04 13:09:21;BB04B;Bass;Grupo - B - Não familiar;Group1;Group;B;170;2;30;2.2;1.6;5;5;5;5;1;1;1;1;Estive focado na performance musical.;.mp3
51;PJ;2025-02-04 16:13:20;1045871268;2025-02-04 15:49:26;2025-02-04 16:13:20;Oa08H;Harmonic;Grupo - B - Não familiar;Group2;Group;B;150;4;23;4;1.3;5;5;4;4.2;1;1;4.6;1;Estive focado na performance musical.;.mp3
52;PJ;2025-02-04 16:13:27;2026426015;2025-02-04 16:10:24;2025-02-04 16:13:27;oa11D;Drum;Grupo - B - Não familiar;Group2;Group;B;150;2;15;3.4;2;3.5;4;4;4;1.4;2.3;3.7;3.6;Estive focado na performance musical.;.mp3
53;PJ;2025-02-04 16:13:50;1040154010;2025-02-04 16:10:28;2025-02-04 16:13:50;Bb04tB;Bass;Grupo - B - Não familiar;Group2;Group;B;150;2;37;3.6;2;4.2;2;4.5;2.5;2.8;3.4;2.6;2;Estive focado em algo não diretamente relacionado com a performance musical.;.mp3
54;PJ;2025-02-04 16:17:22;1865568938;2025-02-04 16:14:35;2025-02-04 16:17:22;Ao07tM;Melodic;Grupo - B - Não familiar;Group2;Group;B;150;3;0;4;2;2.5;3;4;3.8;3.4;1.5;1.6;2;Estive focado na performance musical.;.mp3
173;JOBRA;2025-07-04 12:25:16;389046573;2025-07-04 12:22:58;2025-07-04 12:25:16;Jvoice9;Melodic;Grupo - B - Não familiar;Group7;Group;B;120;2;5;3.3;3.8;3.6;3.9;2.3;4.4;1.9;2.0;2.1;2.0;Estive focado em aspetos secundários e interferentes da performance musical.;.m4a
174;JOBRA;2025-07-04 12:25:12;892936562;2025-07-04 12:22:59;2025-07-04 12:25:12;Jdrum7;Drum;Grupo - B - Não familiar;Group7;Group;B;120;2;45;2.2;2.6;1.7;4.1;5.0;5.0;1.3;4.4;5.0;1.9;Estive focado em algo não diretamente relacionado com a performance musical.;.m4a
175;JOBRA;2025-07-04 12:25:18;1903774885;2025-07-04 12:23:05;2025-07-04 12:25:18;Jguitar7;Harmonic;Grupo - B - Não familiar;Group7;Group;B;120;3;19;2.4;2.5;4.0;4.5;1.2;4.0;1.0;1.0;1.6;1.0;Estive focado na performance musical.;.m4a
176;JOBRA;2025-07-04 12:26:29;1687291333;2025-07-04 12:23:13;2025-07-04 12:26:29;Jsax4;Melodic;Grupo - B - Não familiar;Group7;Group;B;120;5;30;4.0;5.0;4.0;2.0;1.0;4.0;4.0;4.0;4.0;4.0;Estive focado em aspetos secundários e interferentes da performance musical.;.m4a
182;JOBRA;2025-07-04 12:48:32;1935158255;2025-07-04 12:46:35;2025-07-04 12:48:32;Jdrum6;Drum;Grupo - B - Não familiar;Group6;Group;B;170;4;15;3.0;4.0;5.0;5.0;1.0;5.0;1.0;1.0;1.0;1.0;Estive focado na performance musical.;.m4a
183;JOBRA;2025-07-04 12:48:49;1299077827;2025-07-04 12:46:40;2025-07-04 12:48:49;Jvoice8;Melodic;Grupo - B - Não familiar;Group6;Group;B;170;6;4;3.4;3.6;2.4;1.7;1.1;2.4;1.9;3.7;3.6;2.6;Estive focado em algo não diretamente relacionado com a performance musical.;.m4a
184;JOBRA;2025-07-04 12:49:14;2072528591;2025-07-04 12:46:48;2025-07-04 12:49:14;Jsax3;Melodic;Grupo - B - Não familiar;Group6;Group;B;170;3;30;3.1;4.0;4.0;5.0;3.5;4.5;1.0;1.0;2.4;1.3;Estive focado em aspetos secundários e interferentes da performance musical.;.m4a
185;JOBRA;2025-07-04 12:48:33;1212491926;2025-07-04 12:46:50;2025-07-04 12:48:33;Jguitar5;Harmonic;Grupo - B - Não familiar;Group6;Group;B;170;4;11;2.5;3.7;2.5;2.0;2.6;3.4;3.4;3.6;3.9;3.6;A minha mente esteve “em branco” ou sem qualquer tipo de pensamento ativo.;.m4a
198;JOBRA;2025-07-04 13:21:55;2088324334;2025-07-04 13:18:56;2025-07-04 13:21:55;Jvoice1;Melodic;Grupo - B - Não familiar;Group3;Group;B;130;1;0;5.0;5.0;2.3;2.2;2.4;4.0;1.4;3.7;4.8;1.9;A minha mente esteve “em branco” ou sem qualquer tipo de pensamento ativo.;.m4a
199;JOBRA;2025-07-04 13:21:10;1912707372;2025-07-04 13:19:01;2025-07-04 13:21:10;Jsax1;Melodic;Grupo - B - Não familiar;Group3;Group;B;130;2;30;3.8;2.4;4.0;3.4;4.0;4.2;2.0;2.4;2.7;3.6;Estive focado em aspetos secundários e interferentes da performance musical.;.m4a
200;JOBRA;2025-07-04 13:21:32;1642565616;2025-07-04 13:19:05;2025-07-04 13:21:32;Jdrum2;Drum;Grupo - B - Não familiar;Group3;Group;B;130;3;22;3.1;3.0;3.6;3.6;4.4;3.9;1.0;3.5;2.0;3.0;Estive focado na performance musical.;.m4a
212;JOBRA;2025-07-04 14:03:59;1981479644;2025-07-04 14:02:53;2025-07-04 14:03:59;Jbass1;Bass;Grupo - B - Não familiar;Group4;Group;B;150;2;0;3.9;1.5;2.0;5.0;5.0;5.0;1.0;1.0;1.0;1.0;Estive focado na performance musical.;.m4a
213;JOBRA;2025-07-04 14:04:46;727226838;2025-07-04 14:02:57;2025-07-04 14:04:46;Jpiano1;Harmonic;Grupo - B - Não familiar;Group4;Group;B;150;6;11;1.7;3.9;1.9;2.6;3.9;5.0;1.0;1.0;1.7;2.0;Estive focado na performance musical.;.m4a
214;JOBRA;2025-07-04 14:05:10;433132516;2025-07-04 14:02:58;2025-07-04 14:05:10;Jdrum4;Drum;Grupo - B - Não familiar;Group4;Group;B;150;2;5;3.0;1.8;4.0;3.8;3.5;4.0;4.5;2.4;2.2;3.8;Estive focado em aspetos secundários e interferentes da performance musical.;.m4a
215;JOBRA;2025-07-04 14:04:32;1382391542;2025-07-04 14:03:07;2025-07-04 14:04:32;Jvoice5;Melodic;Grupo - B - Não familiar;Group4;Group;B;150;4;10;1.0;5.0;2.0;3.0;1.0;5.0;1.0;4.0;4.0;4.0;Estive focado na performance musical.;.m4a
224;JOBRA;2025-07-04 16:05:04;2006954917;2025-07-04 16:03:14;2025-07-04 16:05:04;Jpiano3;Harmonic;Grupo - B - Não familiar;Group9;Group;B;180;5;54;3.5;4.2;4.0;3.9;2.5;3.6;1.0;1.2;4.1;1.4;Estive focado na performance musical.;.m4a
225;JOBRA;2025-07-04 16:05:00;1402145066;2025-07-04 16:03:20;2025-07-04 16:05:00;Jdrum3;Drum;Grupo - B - Não familiar;Group9;Group;B;180;3;40;2.1;4.1;4.9;2.2;3.3;4.1;2.1;3.6;3.7;3.6;Estive focado em aspetos secundários e interferentes da performance musical.;.m4a
226;JOBRA;2025-07-04 16:04:48;897065024;2025-07-04 16:03:20;2025-07-04 16:04:48;Jsax2;Melodic;Grupo - B - Não familiar;Group9;Group;B;180;6;12;3.7;1.0;4.7;5.0;5.0;5.0;1.6;1.0;1.4;1.7;Estive focado na performance musical.;.m4a
227;JOBRA;2025-07-04 16:04:22;989497465;2025-07-04 16:03:25;2025-07-04 16:04:22;Jguitar8;Harmonic;Grupo - B - Não familiar;Group9;Group;B;180;7;13;2.4;3.7;2.5;3.0;3.3;3.5;1.0;3.6;1.5;3.4;Estive focado em algo não diretamente relacionado com a performance musical.;.m4a
228;JOBRA;2025-07-04 16:17:30;430767070;2025-07-04 16:15:14;2025-07-04 16:17:30;Jguitar4;Harmonic;Grupo - B - Não familiar;Group5;Group;B;150;5;0;3.0;2.0;5.0;4.0;4.5;4.1;1.7;1.8;2.2;1.5;Estive focado na performance musical.;.m4a
229;JOBRA;2025-07-04 16:17:59;818299525;2025-07-04 16:15:50;2025-07-04 16:17:59;Jdrum5;Drum;Grupo - B - Não familiar;Group5;Group;B;150;4;15;3.9;2.4;3.8;4.4;4.2;4.2;2.2;2.3;2.3;4.1;Estive focado na performance musical.;.m4a
230;JOBRA;2025-07-04 16:18:11;1200540801;2025-07-04 16:15:53;2025-07-04 16:18:11;Jvoice6;Melodic;Grupo - B - Não familiar;Group5;Group;B;150;5;57;2.1;3.4;4;3.8;1.6;4.1;1.8;2.1;3;2.9;Estive focado em aspetos secundários e interferentes da performance musical.;.m4a
243;JOBRA;2025-07-04 16:54:54;1728883720;2025-07-04 16:53:38;2025-07-04 16:54:54;Jsax5;Melodic;Grupo - B - Não familiar;Group8;Group;B;170;4;0;4.0;1.0;4.0;4.0;4.1;4.5;1.0;2.7;3.5;1.0;Estive focado na performance musical.;.m4a
244;JOBRA;2025-07-04 16:55:02;368713848;2025-07-04 16:53:42;2025-07-04 16:55:02;Jpiano2;Harmonic;Grupo - B - Não familiar;Group8;Group;B;170;3;30;2.6;3.3;3.8;4.6;3.5;4.5;1.9;2.3;2.3;4.3;Estive focado na performance musical.;.m4a
245;JOBRA;2025-07-04 16:54:58;1943266455;2025-07-04 16:53:46;2025-07-04 16:54:58;Jvoice10;Melodic;Grupo - B - Não familiar;Group8;Group;B;170;3;2;3.0;3.9;3.0;4.1;2.2;4.5;1.0;1.0;1.0;1.0;Estive focado na performance musical.;.m4a
15;PJ;2025-02-03 17:06:20;1102900897;2025-02-03 17:03:58;2025-02-03 17:06:20;oa03B;Bass;Solo - B - Não familiar;Group0;Solo;B;170;4;0;1.8;3.7;4;2;1.5;2;1;4;1;4;Estive focado em aspetos secundários e interferentes da performance musical.;.mp3
18;PJ;2025-02-03 17:29:30;24971129;2025-02-03 17:27:21;2025-02-03 17:29:30;LA06H;Harmonic;Solo - B - Não familiar;Group0;Solo;B;170;3;0;2;3;1.5;3.5;3.5;4.5;1;1.5;2;1;Estive focado na performance musical.;.mp3
23;PJ;2025-02-03 18:23:58;742406765;2025-02-03 18:22:43;2025-02-03 18:23:58;OA05M;Melodic;Solo - B - Não familiar;Group0;Solo;B;150;3;0;2.9;3.5;2.5;3.2;3.6;3.6;4.1;2.5;2.6;4.2;Estive focado na performance musical.;.mp3
25;PJ;2025-02-03 18:43:31;860866593;2025-02-03 18:40:41;2025-02-03 18:43:31;oa07D;Drum;Solo - B - Não familiar;Group0;Solo;B;120;2;33;3.7;1.7;4;3.4;2.5;3.7;1;2.1;2.5;1;Estive focado na performance musical.;.mp3
27;PJ;2025-02-04 12:09:21;522319130;2025-02-04 12:04:52;2025-02-04 12:09:21;ea09D;Drum;Solo - B - Não familiar;Group1;Solo;B;120;2;17;3.5;1;5;4;5;4.3;1.4;1.5;4.3;1.7;Estive focado na performance musical.;.mp3
42;PJ;2025-02-04 13:25:43;1753143164;2025-02-04 13:24:17;2025-02-04 13:25:43;hh04H;Harmonic;Solo - B - Não familiar;Group1;Solo;B;150;4;0;3.3;2.6;5;3.5;5;3.4;2.4;2.2;2.1;2.3;Estive focado na performance musical.;.mp3
46;PJ;2025-02-04 13:49:00;994361434;2025-02-04 13:47:05;2025-02-04 13:49:00;BB04B;Bass;Solo - B - Não familiar;Group1;Solo;B;140;3;0;2.1;1.5;5;5;5;5;1.6;1;1;1.5;Estive focado na performance musical.;.mp3
50;PJ;2025-02-04 14:13:17;1266092702;2025-02-04 14:11:07;2025-02-04 14:13:17;MM04M;Melodic;Solo - B - Não familiar;Group1;Solo;B;150;2;40;2.5;4.5;4;4.5;1.8;3.8;1;4;1;4;Estive focado em aspetos secundários e interferentes da performance musical.;.mp3
63;PJ;2025-02-04 16:40:02;1366192800;2025-02-04 16:37:49;2025-02-04 16:40:02;Bb04tB;Bass;Solo - B - Não familiar;Group2;Solo;B;180;4;20;1;3;3.6;4.1;3.3;4;3;2.4;4.5;3;A minha mente esteve “em branco” ou sem qualquer tipo de pensamento ativo.;.mp3
67;PJ;2025-02-04 17:04:41;621671279;2025-02-04 17:02:36;2025-02-04 17:04:41;Ao07tM;Melodic;Solo - B - Não familiar;Group2;Solo;B;160;2;30;4.1;3.6;4.6;4.6;3.7;3;3.2;2.9;2.9;3.1;Estive focado em algo não diretamente relacionado com a performance musical.;.wav
71;PJ;2025-02-04 17:25:05;1878456605;2025-02-04 17:23:41;2025-02-04 17:25:05;Oa08H;Harmonic;Solo - B - Não familiar;Group2;Solo;B;130;2;46;4.2;2.3;4.4;3.9;3.9;4.5;1.3;1.2;4.4;1.1;Estive focado na performance musical.;.mp3
73;PJ;2025-02-04 17:37:32;982968578;2025-02-04 17:35:44;2025-02-04 17:37:32;oa11D;Drum;Solo - B - Não familiar;Group2;Solo;B;120;1;40;2.3;4.5;4.2;3.8;1.7;3.3;1.4;3.3;2.1;1.9;Estive focado na performance musical.;.mp3
77;JOBRA;2025-06-30 11:01:07;2105573686;2025-06-30 10:57:32;2025-06-30 11:01:07;Jpiano1;Harmonic;Solo - B - Não familiar;Group4;Solo;B;180;4;0;3.6;1.6;4.4;3.9;3;4.7;1;1;4.2;1.9;Estive focado na performance musical.;.mp3
85;JOBRA;2025-06-30 11:17:28;1883626127;2025-06-30 11:16:24;2025-06-30 11:17:28;Jbass1;Bass;Solo - B - Não familiar;Group4;Solo;B;160;2;10;4;3.5;5;5;3.5;5;1;1;1.2;1;Estive focado na performance musical.;.mp3
87;JOBRA;2025-06-30 11:19:17;1734205151;2025-06-30 11:18:09;2025-06-30 11:19:17;Jsax2;Melodic;Solo - B - Não familiar;Group9;Solo;B;150;4;10;2.6;1.8;5;3.9;3.9;4;1;2.1;2.3;1.9;Estive focado em elementos físicos da sala que não tinham relação com a performance musical.;.m4a
90;JOBRA;2025-06-30 11:38:56;1767389856;2025-06-30 11:36:42;2025-06-30 11:38:56;Jguitar4;Harmonic;Solo - B - Não familiar;Group5;Solo;B;180;5;30;3;2;5;5;4;4.5;2;2;2;1.6;Estive focado na performance musical.;.mp3
91;JOBRA;2025-06-30 11:41:16;555922118;2025-06-30 11:38:15;2025-06-30 11:41:16;Jpiano2;Harmonic;Solo - B - Não familiar;Group8;Solo;B;180;3;0;3.8;2.3;5;3.5;3.5;4.4;4.6;2.4;3.5;4;Estive focado na performance musical.;.mp3
93;JOBRA;2025-06-30 11:45:33;1892500560;2025-06-30 11:43:23;2025-06-30 11:45:33;Jsax3;Melodic;Solo - B - Não familiar;Group6;Solo;B;150;4;30;3.3;1.5;4.6;1.5;4.9;4.1;1;1.7;1;2;Estive focado na performance musical.;.m4a
97;JOBRA;2025-06-30 12:05:08;2132554418;2025-06-30 12:01:08;2025-06-30 12:05:08;Jtrombone1;Melodic;Solo - B - Não familiar;no_group;Solo;B;130;3;24;4.1;3.3;3.6;2.8;3.9;3.1;1;1;4.1;2.4;A minha mente esteve “em branco” ou sem qualquer tipo de pensamento ativo.;.m4a
98;JOBRA;2025-06-30 12:06:10;1602107965;2025-06-30 12:03:07;2025-06-30 12:06:10;Jpiano3;Harmonic;Solo - B - Não familiar;Group9;Solo;B;180;4;21;4.3;2.7;4.5;4.5;3.7;3.7;1;1.7;4;3.5;Estive focado em aspetos secundários e interferentes da performance musical.;.mp3
105;JOBRA;2025-06-30 12:19:02;1014768077;2025-06-30 12:17:25;2025-06-30 12:19:02;Jguitar5;Harmonic;Solo - B - Não familiar;Group6;Solo;B;180;5;9;3.3;2.7;3.9;3.5;1.6;3.9;1.4;2;2.4;1.8;Estive focado na performance musical.;.mp3
106;JOBRA;2025-06-30 12:40:41;580269257;2025-06-30 12:37:33;2025-06-30 12:40:41;Jsax1;Melodic;Solo - B - Não familiar;Group3;Solo;B;170;2;30;2.4;3.2;3.6;3.4;2.5;4.2;2.2;2.4;1.7;3.9;Estive focado na performance musical.;.m4a
108;JOBRA;2025-06-30 12:40:19;1111347552;2025-06-30 12:38:02;2025-06-30 12:40:19;Jsax5;Melodic;Solo - B - Não familiar;Group8;Solo;B;95;2;24;4;1;4;3.5;5;5;1;1;4;1;Estive focado na performance musical.;.mp3
111;JOBRA;2025-06-30 12:47:56;564392219;2025-06-30 12:45:01;2025-06-30 12:47:56;Jguitar6;Harmonic;Solo - B - Não familiar;no_group;Solo;B;140;3;0;4;2.3;5;4.3;1.8;5;1;1.5;1.5;1.4;Estive focado na performance musical.;.mp3
118;JOBRA;2025-06-30 13:11:06;924514409;2025-06-30 13:09:22;2025-06-30 13:11:06;Jvoice10;Melodic;Solo - B - Não familiar;Group8;Solo;B;160;3;2;2.6;5;3.4;2.9;1;4;2.7;2.9;1;1;Estive focado em aspetos secundários e interferentes da performance musical.;.m4a
120;JOBRA;2025-06-30 13:19:54;1026355829;2025-06-30 13:15:33;2025-06-30 13:19:54;Jvoice1;Melodic;Solo - B - Não familiar;Group3;Solo;B;95;0;40;4.1;4.9;4;2.4;2.1;4;1.6;2.5;4.7;3.8;A minha mente esteve “em branco” ou sem qualquer tipo de pensamento ativo.;.mp3
121;JOBRA;2025-06-30 13:20:56;1767752602;2025-06-30 13:19:26;2025-06-30 13:20:56;Jguitar8;Harmonic;Solo - B - Não familiar;Group9;Solo;B;155;4;11;3.5;2.4;3.8;3.7;3.3;3.4;1;2.8;3.5;3.2;Estive focado na performance musical.;.mp3
125;JOBRA;2025-06-30 13:41:52;1881367365;2025-06-30 13:40:01;2025-06-30 13:41:52;Jdrum6;Drum;Solo - B - Não familiar;Group6;Solo;B;130;2;30;3;2;4;5;5;5;1;1;1;2.5;Estive focado na performance musical.;.m4a
126;JOBRA;2025-06-30 13:47:20;1578206037;2025-06-30 13:43:27;2025-06-30 13:47:20;Jvoice9;Melodic;Solo - B - Não familiar;Group7;Solo;B;40;1;2;2.9;5;3;3;1.5;4.5;2.3;2.4;2.2;3;Estive focado em aspetos secundários e interferentes da performance musical.;.mp3
130;JOBRA;2025-06-30 13:54:58;659559671;2025-06-30 13:52:43;2025-06-30 13:54:58;Jvoice8;Melodic;Solo - B - Não familiar;Group6;Solo;B;115;3;53;1.9;4.7;1.9;3.4;1;2.2;2.1;3.8;3.7;3.7;Estive focado em aspetos secundários e interferentes da performance musical.;.mp3
136;JOBRA;2025-06-30 15:45:35;2064324005;2025-06-30 15:43:43;2025-06-30 15:45:35;Jguitar7;Harmonic;Solo - B - Não familiar;Group7;Solo;B;120;3;0;3.9;1.6;5;5;3.5;5;1;1;4;1;Estive focado na performance musical.;.mp3
137;JOBRA;2025-06-30 15:46:02;1711911664;2025-06-30 15:43:54;2025-06-30 15:46:02;Jdrum3;Drum;Solo - B - Não familiar;Group9;Solo;B;160;2;50;2;3.8;4.6;2.2;4;3.3;3.8;4;2.3;4;Estive focado em aspetos secundários e interferentes da performance musical.;.m4a
146;JOBRA;2025-06-30 16:19:46;1290074089;2025-06-30 16:17:35;2025-06-30 16:19:46;Jvoice4;Melodic;Solo - B - Não familiar;no_group;Solo;B;135;2;30;2.5;3.5;3.8;3.8;2.2;3.9;1.6;2;2.8;3.5;Estive focado na performance musical.;.mp3
147;JOBRA;2025-06-30 16:21:33;1972127387;2025-06-30 16:19:45;2025-06-30 16:21:33;Jdrum2;Drum;Solo - B - Não familiar;Group3;Solo;B;140;2;40;1.6;3.5;2.4;2.4;2.4;2.6;1;3.2;3.9;3.9;A minha mente esteve “em branco” ou sem qualquer tipo de pensamento ativo.;.m4a
149;JOBRA;2025-06-30 16:34:47;813752735;2025-06-30 16:31:29;2025-06-30 16:34:47;Jdrum7;Drum;Solo - B - Não familiar;Group7;Solo;B;180;2;46;3.5;2.2;4.4;3.7;4.5;4.1;4;4.2;5;3.5;A minha mente esteve “em branco” ou sem qualquer tipo de pensamento ativo.;.m4a
156;JOBRA;2025-06-30 17:14:19;1623313967;2025-06-30 17:11:34;2025-06-30 17:14:19;Jvoice3;Melodic;Solo - B - Não familiar;no_group;Solo;B;160;9;43;1;1;3.6;2.3;1;3.9;3.9;2.2;3.6;2.2;Estive focado em aspetos secundários e interferentes da performance musical.;.mp3
157;JOBRA;2025-06-30 17:14:31;823066184;2025-06-30 17:13:28;2025-06-30 17:14:31;Jvoice11;Melodic;Solo - B - Não familiar;no_group;Solo;B;120;2;4;3.5;4.2;4;3.8;3.8;4.5;2.3;1;3;4.4;Estive focado na performance musical.;.mp3
158;JOBRA;2025-06-30 17:19:03;1860588757;2025-06-30 17:15:06;2025-06-30 17:19:03;Jdrum5;Drum;Solo - B - Não familiar;Group5;Solo;B;130;3;35;3.8;3;4.4;3.7;3.9;4.6;3.8;2.5;3.9;3.7;Estive focado na performance musical.;.m4a
164;JOBRA;2025-07-04 11:50:51;1310833510;2025-07-04 11:47:59;2025-07-04 11:50:51;Jsax4;Melodic;Solo - B - Não familiar;Group7;Solo;B;140;7;0;1;5;3.5;5;4;5;1;2;1;5;Estive focado na performance musical.;.mp3
177;JOBRA;2025-07-04 12:33:08;1303124598;2025-07-04 12:30:15;2025-07-04 12:33:08;Jdrum4;Drum;Solo - B - Não familiar;Group4;Solo;B;130;2;0;3.3;3.2;3.7;2.2;2.4;3.5;3.2;2.5;2.3;3.7;Estive focado em aspetos secundários e interferentes da performance musical.;.mp3
;PJ;2025-10-10 10:48:57;44549220;2025-10-10 10:46:22;2025-10-10 10:48:57;PJ2harmonic1;Harmonic;Solo - B - Não familiar;Group10;Solo;B;180;3;7;3.9;2.4;3.9;4.2;3.6;3.6;1;2.1;2.2;1.8;Estive focado na performance musical.;.m4a
;PJ;2025-10-10 11:40:18;1663597566;2025-10-10 11:38:23;2025-10-10 11:40:18;PJ2melodic1;Melodic;Grupo - B - Não familiar;Group10;Group;B;130;3;26;3.3;3.5;4;4.3;2.6;4.6;1.1;1.6;1.4;1;Estive focado na performance musical.;.m4a
;PJ;2025-10-10 11:39:43;986367082;2025-10-10 11:38:29;2025-10-10 11:39:43;PJ2harmonic1;Harmonic;Grupo - B - Não familiar;Group10;Group;B;130;3;7;4;2.4;4.6;4.6;3.7;4.5;1.2;1.1;2.1;1.2;Estive focado em aspetos secundários e interferentes da performance musical.;.m4a
;PJ;2025-10-10 11:42:12;1450637501;2025-10-10 11:38:32;2025-10-10 11:42:12;PJ2bass1;Bass;Grupo - B - Não familiar;Group10;Group;B;130;4;0;3;2.2;3.3;3.5;2.5;3.5;3.7;3.6;3.1;3.6;Estive focado na performance musical.;.m4a
;PJ;2025-10-10 12:00:56;1473081457;2025-10-10 11:58:45;2025-10-10 12:00:56;PJ2bass1;Bass;Solo - B - Não familiar;Group10;Solo;B;130;4;0;3;2;3.5;3.4;3;4;3.5;4.3;4.1;3.5;Estive focado na performance musical.;.m4a
;PJ;2025-10-10 12:00:39;102006496;2025-10-10 11:59:21;2025-10-10 12:00:39;PJ2melodic1;Melodic;Solo - B - Não familiar;Group10;Solo;B;150;3;0;2.7;4.5;3.7;3.9;2;4.6;1.3;3.4;1.8;3.6;Estive focado na performance musical.;.m4a
;PJ;2025-10-10 12:33:49;1946235373;2025-10-10 12:31:20;2025-10-10 12:33:49;pj2harmonic2;Harmonic;Solo - B - Não familiar;Group11;Solo;B;170;3;39;4.1;4;2.2;1;2.9;1.5;3;4.3;4.4;4.5;A minha mente esteve “em branco” ou sem qualquer tipo de pensamento ativo.;.m4a
;PJ;2025-10-10 12:34:19;1432945544;2025-10-10 12:32:41;2025-10-10 12:34:19;PJ2bass2;Bass;Solo - B - Não familiar;Group11;Solo;B;180;2;15;2.4;3.2;4.2;4.6;3.6;4.6;1.5;1.5;1.6;2.2;Estive focado na performance musical.;.m4a
;PJ;2025-10-10 12:50:31;1889151704;2025-10-10 12:47:19;2025-10-10 12:50:31;pj2harmonic2;Harmonic;Grupo - B - Não familiar;Group11;Group;B;120;4;6;3;3;1.6;3;3.8;3.6;3.8;3.9;2.9;3.1;Estive focado na performance musical.;.m4a
;PJ;2025-10-10 12:53:25;1900089673;2025-10-10 12:47:22;2025-10-10 12:53:25;PJ2drum2;Drum;Grupo - B - Não familiar;Group11;Group;B;120;2;12;3.9;4;3.7;2.5;4.2;3.7;1.3;2.3;3.2;2.7;Estive focado em aspetos secundários e interferentes da performance musical.;.m4a
;PJ;2025-10-10 12:49:13;295380064;2025-10-10 12:47:38;2025-10-10 12:49:13;PJ2bass2;Bass;Grupo - B - Não familiar;Group11;Group;B;120;1;30;4.9;3.9;4.2;4.2;3.6;4.1;1;1;1;3.2;Estive focado na performance musical.;.m4a
;PJ;2025-10-10 12:53:33;17977687;2025-10-10 12:47:38;2025-10-10 12:53:33;PJ2melody2;Melodic;Grupo - B - Não familiar;Group11;Group;B;120;3;10;2.4;2.6;2.1;3.5;2.1;3.7;1.5;1.4;1.8;2.1;Estive focado na performance musical.;.m4a
;PJ;2025-10-10 13:21:05;2034335255;2025-10-10 13:18:31;2025-10-10 13:21:05;PJ2melody2;Melodic;Solo - B - Não familiar;Group11;Solo;B;160;3;56;2.9;3.7;3.6;4.3;1.3;4;1.3;1.3;1.2;1.3;Estive focado na performance musical.;.m4a
;PJ;2025-10-10 13:30:07;1645178018;2025-10-10 13:28:24;2025-10-10 13:30:07;PJ2drum2;Drum;Solo - B - Não familiar;Group11;Solo;B;120;3;37;2.1;4.1;1.7;1.9;4.1;1.6;3.1;3.4;4;4.5;Estive focado em elementos físicos da sala que não tinham relação com a performance musical.;.m4a
7;PJ;2025-02-03 16:47:26;582930912;2025-02-03 16:44:17;2025-02-03 16:47:26;oa03B;Bass;Grupo - A - Familiar;Group0;Group;A;140;4;0;3;1.4;3.5;2.7;5;3.4;1;1.3;4;1.8;Estive focado na performance musical.;.mp3
8;PJ;2025-02-03 16:47:13;517383950;2025-02-03 16:44:20;2025-02-03 16:47:13;OA05M;Melodic;Grupo - A - Familiar;Group0;Group;A;140;3;0;2.9;2;4;3.5;3.7;4.1;1.5;1.3;3.5;1.5;Estive focado na performance musical.;.mp3
9;PJ;2025-02-03 16:49:14;2071589076;2025-02-03 16:44:42;2025-02-03 16:49:14;oa07D;Drum;Grupo - A - Familiar;Group0;Group;A;140;3;15;3;2.1;3.9;4;3.3;4.7;1;1;5;1;Estive focado na performance musical.;.mp3
10;PJ;2025-02-03 16:47:37;1696931538;2025-02-03 16:44:42;2025-02-03 16:47:37;LA06H;Harmonic;Grupo - A - Familiar;Group0;Group;A;140;4;0;4;1.5;5;5;5;5;1;1;1;4;Estive focado na performance musical.;.mp3
38;PJ;2025-02-04 13:19:06;2093479491;2025-02-04 13:14:32;2025-02-04 13:19:06;MM04M;Melodic;Grupo - A - Familiar;Group1;Group;A;150;3;0;2;2;3.8;4.5;5;4.5;1;1;1;1;Estive focado na performance musical.;.mp3
39;PJ;2025-02-04 13:17:06;1461048332;2025-02-04 13:14:36;2025-02-04 13:17:06;ea09D;Drum;Grupo - A - Familiar;Group1;Group;A;150;2;10;3;1;1.7;5;5;5;1;1;1;1;Estive focado na performance musical.;.mp3
40;PJ;2025-02-04 13:17:50;1205799798;2025-02-04 13:14:51;2025-02-04 13:17:50;BB04B;Bass;Grupo - A - Familiar;Group1;Group;A;150;2;30;2;1;5;5;5;5;1;1;1;1;Estive focado na performance musical.;.mp3
41;PJ;2025-02-04 13:17:11;188643371;2025-02-04 13:14:52;2025-02-04 13:17:11;hh04H;Harmonic;Grupo - A - Familiar;Group1;Group;A;150;4;0;5;4.2;5;3.7;5;3.9;1.7;1.8;1.8;2;Estive focado na performance musical.;.mp3
59;PJ;2025-02-04 16:32:10;1788922373;2025-02-04 16:29:20;2025-02-04 16:32:10;Ao07tM;Melodic;Grupo - A - Familiar;Group2;Group;A;150;4;30;2;3.8;3.5;2.2;4;3;3.5;3;4;3.4;Estive focado em aspetos secundários e interferentes da performance musical.;.mp3
60;PJ;2025-02-04 16:33:07;1500669231;2025-02-04 16:29:20;2025-02-04 16:33:07;Bb04tB;Bass;Grupo - A - Familiar;Group2;Group;A;150;3;0;2;1.6;1.4;3;5;4;1.3;3;3;1.4;Estive focado na performance musical.;.mp3
61;PJ;2025-02-04 16:32:26;1786294299;2025-02-04 16:29:22;2025-02-04 16:32:26;oa11D;Drum;Grupo - A - Familiar;Group2;Group;A;150;3;7;3.4;2.7;3.7;2.1;4.4;2.4;1.3;2;2.5;4.3;Estive focado em aspetos secundários e interferentes da performance musical.;.mp3
62;PJ;2025-02-04 16:31:09;1080752521;2025-02-04 16:29:25;2025-02-04 16:31:09;Oa08H;Harmonic;Grupo - A - Familiar;Group2;Group;A;150;3;24;3.1;2;4.1;4.1;5;4.1;1;1.3;4.2;1.4;Estive focado na performance musical.;.mp3
178;JOBRA;2025-07-04 12:33:02;793211599;2025-07-04 12:30:55;2025-07-04 12:33:02;Jvoice9;Melodic;Grupo - A - Familiar;Group7;Group;A;150;2;0;2.7;3.0;3.0;2.8;3.0;3.6;2.2;2.5;2.2;2.5;Estive focado em aspetos secundários e interferentes da performance musical.;.m4a
179;JOBRA;2025-07-04 12:33:29;354356788;2025-07-04 12:30:55;2025-07-04 12:33:29;Jsax4;Melodic;Grupo - A - Familiar;Group7;Group;A;150;7;20;5.0;4.0;5.0;2.0;5.0;4.0;2.0;2.0;1.0;4.0;Estive focado na performance musical.;.m4a
180;JOBRA;2025-07-04 12:32:47;1426774022;2025-07-04 12:30:56;2025-07-04 12:32:47;Jguitar7;Harmonic;Grupo - A - Familiar;Group7;Group;A;150;4;20;3.6;1.0;4.0;5.0;4.4;4.5;1.0;1.0;1.0;1.0;Estive focado na performance musical.;.m4a
181;JOBRA;2025-07-04 12:32:58;1043998658;2025-07-04 12:30:59;2025-07-04 12:32:58;Jdrum7;Drum;Grupo - A - Familiar;Group7;Group;A;150;4;0;4.2;1.3;5.0;3.9;5.0;2.0;4.2;4.1;1.9;4.0;Estive focado em algo não diretamente relacionado com a performance musical.;.m4a
186;JOBRA;2025-07-04 12:54:40;322256082;2025-07-04 12:53:23;2025-07-04 12:54:40;Jdrum6;Drum;Grupo - A - Familiar;Group6;Group;A;170;5;0;3.0;1.0;4.0;5.0;5.0;5.0;1.0;1.0;1.0;1.0;Estive focado na performance musical.;.m4a
187;JOBRA;2025-07-04 12:55:11;823885102;2025-07-04 12:53:30;2025-07-04 12:55:11;Jsax3;Melodic;Grupo - A - Familiar;Group6;Group;A;170;4;30;4.0;2.7;4.5;3.9;5.0;4.6;1.0;1.0;1.7;3.0;Estive focado em aspetos secundários e interferentes da performance musical.;.m4a
188;JOBRA;2025-07-04 12:54:48;1730377412;2025-07-04 12:53:35;2025-07-04 12:54:48;Jguitar5;Harmonic;Grupo - A - Familiar;Group6;Group;A;170;5;8;4.1;2.1;3.6;3.5;4.7;4.0;2.4;1.8;2.7;3.3;Estive focado na performance musical.;.m4a
189;JOBRA;2025-07-04 12:54:56;1233496695;2025-07-04 12:53:40;2025-07-04 12:54:56;Jvoice8;Melodic;Grupo - A - Familiar;Group6;Group;A;170;4;41;3.5;2.6;3.0;3.4;3.7;3.5;2.1;2.3;3.5;3.2;Estive focado na performance musical.;.m4a
201;JOBRA;2025-07-04 13:28:40;1993370943;2025-07-04 13:26:50;2025-07-04 13:28:40;Jdrum2;Drum;Grupo - A - Familiar;Group3;Group;A;120;3;30;3.2;2.1;4.1;4.1;4.2;4.1;1.0;1.0;1.3;3.1;Estive focado na performance musical.;.m4a
202;JOBRA;2025-07-04 13:29:17;994221282;2025-07-04 13:27:02;2025-07-04 13:29:17;Jsax1;Melodic;Grupo - A - Familiar;Group3;Group;A;120;1;30;3.0;1.8;3.4;3.2;4.8;4.2;2.0;3.4;2.4;3.8;Estive focado na performance musical.;.m4a
203;JOBRA;2025-07-04 13:30:35;1543741959;2025-07-04 13:27:11;2025-07-04 13:30:35;Jvoice1;Melodic;Grupo - A - Familiar;Group3;Group;A;120;1;0;1.9;4.0;3.0;2.2;3.6;3.0;1.6;3.0;4.0;2.5;Estive focado em algo não diretamente relacionado com a performance musical.;.m4a
204;JOBRA;2025-07-04 13:52:35;936778573;2025-07-04 13:49:58;2025-07-04 13:52:35;Jpiano1;Harmonic;Grupo - A - Familiar;Group4;Group;A;160;5;10;2.3;4.6;2.3;3.2;5.0;5.0;1.0;2.1;1.0;1.8;Estive focado na performance musical.;.m4a
205;JOBRA;2025-07-04 13:52:03;1055333902;2025-07-04 13:50:07;2025-07-04 13:52:03;Jbass1;Bass;Grupo - A - Familiar;Group4;Group;A;160;3;0;1.4;1.0;1.2;2.0;5.0;4.1;1.0;1.0;4.5;1.0;Estive focado na performance musical.;.m4a
206;JOBRA;2025-07-04 13:53:46;602559361;2025-07-04 13:50:16;2025-07-04 13:53:46;Jdrum4;Drum;Grupo - A - Familiar;Group4;Group;A;160;3;25;3.0;1.8;3.5;3.7;4.5;4.5;3.8;3.3;1.5;3.0;Estive focado na performance musical.;.m4a
207;JOBRA;2025-07-04 13:52:27;330373077;2025-07-04 13:50:42;2025-07-04 13:52:27;Jvoice5;Melodic;Grupo - A - Familiar;Group4;Group;A;160;2;15;3.0;1.5;3.0;3.0;5.0;4.0;1.0;2.0;2.0;4.0;Estive focado em aspetos secundários e interferentes da performance musical.;.m4a
216;JOBRA;2025-07-04 15:51:51;683690882;2025-07-04 15:49:58;2025-07-04 15:51:51;Jsax2;Melodic;Grupo - A - Familiar;Group9;Group;A;130;3;10;3.8;5.0;1.0;2.0;5.0;1.3;4.2;2.1;4.2;4.1;A minha mente esteve “em branco” ou sem qualquer tipo de pensamento ativo.;.m4a
217;JOBRA;2025-07-04 15:51:23;507572537;2025-07-04 15:49:58;2025-07-04 15:51:23;Jguitar8;Harmonic;Grupo - A - Familiar;Group9;Group;A;130;6;15;3.8;2.1;4.3;3.7;4.4;4.2;1.0;3.4;1.3;3.4;Estive focado na performance musical.;.m4a
218;JOBRA;2025-07-04 15:51:44;1344978899;2025-07-04 15:49:59;2025-07-04 15:51:44;Jpiano3;Harmonic;Grupo - A - Familiar;Group9;Group;A;130;3;47;4.4;2.4;4.5;4.5;3.7;4.0;1.0;1.2;4.3;1.3;Estive focado na performance musical.;.m4a
219;JOBRA;2025-07-04 15:51:50;1322994412;2025-07-04 15:50:03;2025-07-04 15:51:50;Jdrum3;Drum;Grupo - A - Familiar;Group9;Group;A;130;2;40;4.0;1.3;4.1;4.5;5.0;4.4;3.6;1.8;4.0;1.7;Estive focado na performance musical.;.m4a
231;JOBRA;2025-07-04 16:23:30;477001051;2025-07-04 16:22:00;2025-07-04 16:23:30;Jguitar4;Harmonic;Grupo - A - Familiar;Group5;Group;A;130;3;0;3.9;1.9;5.0;3.0;4.0;4.4;2.4;1.8;1.9;2.2;Estive focado na performance musical.;.m4a
232;JOBRA;2025-07-04 16:24:17;1457898472;2025-07-04 16:22:17;2025-07-04 16:24:17;Jdrum5;Drum;Grupo - A - Familiar;Group5;Group;A;130;4;12;4.0;1.6;4.2;4.0;4.0;5.0;1.7;1.6;1.7;1.5;Estive focado na performance musical.;.m4a
233;JOBRA;2025-07-04 16:30:17;418741250;2025-07-04 16:28:18;2025-07-04 16:30:17;Jvoice6;Melodic;Grupo - A - Familiar;Group5;Group;A;130;3;36;5;2.1;4.4;3.7;4.6;4.5;1.8;3;2;3;A minha mente esteve “em branco” ou sem qualquer tipo de pensamento ativo.;.m4a
237;JOBRA;2025-07-04 16:45:04;539070455;2025-07-04 16:42:28;2025-07-04 16:45:04;Jsax5;Melodic;Grupo - A - Familiar;Group8;Group;A;140;3;40;3.0;2.0;2.0;4.5;5.0;4.5;1.0;1.5;3.5;1.0;Estive focado na performance musical.;.m4a
238;JOBRA;2025-07-04 16:44:18;1999651537;2025-07-04 16:42:39;2025-07-04 16:44:18;Jvoice10;Melodic;Grupo - A - Familiar;Group8;Group;A;140;2;3;2.8;3.0;2.8;3.0;5.0;3.3;1.0;2.1;3.7;3.8;Estive focado em aspetos secundários e interferentes da performance musical.;.m4a
239;JOBRA;2025-07-04 16:45:07;2107371529;2025-07-04 16:42:54;2025-07-04 16:45:07;Jpiano2;Harmonic;Grupo - A - Familiar;Group8;Group;A;140;2;30;3.5;1.6;2.3;2.5;3.7;3.4;3.4;3.4;4.0;3.5;A minha mente esteve “em branco” ou sem qualquer tipo de pensamento ativo.;.m4a
16;PJ;2025-02-03 17:11:31;211651372;2025-02-03 17:09:20;2025-02-03 17:11:31;oa03B;Bass;Solo - A - Familiar;Group0;Solo;A;140;3;30;4.5;3.5;4;4;3.5;4.2;1;1.5;2;1.5;Estive focado na performance musical.;.mp3
19;PJ;2025-02-03 17:36:28;1734169539;2025-02-03 17:33:44;2025-02-03 17:36:28;LA06H;Harmonic;Solo - A - Familiar;Group0;Solo;A;180;3;40;4.5;1.5;4.5;4.5;5;4.5;1;1.5;1.5;2.5;Estive focado na performance musical.;.mp3
22;PJ;2025-02-03 18:19:26;775001170;2025-02-03 18:17:58;2025-02-03 18:19:26;OA05M;Melodic;Solo - A - Familiar;Group0;Solo;A;180;3;0;2.6;3.4;2.6;2.5;3.5;2.9;2.9;2.7;2.2;2.6;Estive focado em algo não diretamente relacionado com a performance musical.;.mp3
26;PJ;2025-02-03 18:50:12;934171076;2025-02-03 18:47:53;2025-02-03 18:50:12;oa07D;Drum;Solo - A - Familiar;Group0;Solo;A;140;3;57;3;2.1;5;5;4.3;5;1;1;1;1;Estive focado na performance musical.;.mp3
28;PJ;2025-02-04 12:17:38;1299488793;2025-02-04 12:14:31;2025-02-04 12:17:38;ea09D;Drum;Solo - A - Familiar;Group1;Solo;A;130;2;36;3.1;2.4;2.7;4.7;5;4.3;1.1;1.1;1;1;Estive focado na performance musical.;.mp3
44;PJ;2025-02-04 13:37:31;33439332;2025-02-04 13:35:26;2025-02-04 13:37:31;hh04H;Harmonic;Solo - A - Familiar;Group1;Solo;A;180;4;24;3.1;3;4.4;3.9;5;3.2;1.3;2.7;2.6;2.5;Estive focado na performance musical.;.mp3
47;PJ;2025-02-04 13:54:16;1895459748;2025-02-04 13:52:28;2025-02-04 13:54:16;BB04B;Bass;Solo - A - Familiar;Group1;Solo;A;150;2;30;2.8;1;5;5;5;5;1.2;1.3;1;1.3;Estive focado na performance musical.;.mp3
48;PJ;2025-02-04 13:59:52;1447916950;2025-02-04 13:57:10;2025-02-04 13:59:52;MM04M;Melodic;Solo - A - Familiar;Group1;Solo;A;170;1;45;3;3.5;4;5;4;5;1.5;1;1;1;Estive focado na performance musical.;.mp3
65;PJ;2025-02-04 16:50:08;2069865316;2025-02-04 16:48:46;2025-02-04 16:50:08;Bb04tB;Bass;Solo - A - Familiar;Group2;Solo;A;130;2;5;5;3;4.7;4.4;4.5;4.6;1.4;1.4;2;1.4;Estive focado na performance musical.;.mp3
68;PJ;2025-02-04 17:09:47;1761659758;2025-02-04 17:07:54;2025-02-04 17:09:47;Ao07tM;Melodic;Solo - A - Familiar;Group2;Solo;A;150;3;10;1.9;3.8;2.2;2.4;3.8;2.3;3.7;3.7;3.9;3.6;Estive focado em elementos físicos da sala que não tinham relação com a performance musical.;.wav
69;PJ;2025-02-04 17:15:59;1930057468;2025-02-04 17:14:05;2025-02-04 17:15:59;Oa08H;Harmonic;Solo - A - Familiar;Group2;Solo;A;150;3;5;3.8;2.4;4.1;3.9;4.8;4;1.6;2.8;4.2;2;Estive focado na performance musical.;.mp3
74;PJ;2025-02-04 17:43:29;342035068;2025-02-04 17:41:42;2025-02-04 17:43:29;oa11D;Drum;Solo - A - Familiar;Group2;Solo;A;130;2;40;3;2.3;4.4;4.3;4.6;4.1;1.7;1.4;1.7;1.8;Estive focado na performance musical.;.mp3
80;JOBRA;2025-06-30 11:07:00;1064364146;2025-06-30 11:04:42;2025-06-30 11:07:00;Jpiano1;Harmonic;Solo - A - Familiar;Group4;Solo;A;155;4;0;3.6;1;4.6;4;5;4.6;1.5;1.3;4.2;1.5;Estive focado na performance musical.;.mp3
83;JOBRA;2025-06-30 11:12:41;1732933298;2025-06-30 11:10:58;2025-06-30 11:12:41;Jbass1;Bass;Solo - A - Familiar;Group4;Solo;A;150;3;35;4.5;1.2;3.5;5;5;5;1.5;1;4.3;1.2;Estive focado na performance musical.;.mp3
84;JOBRA;2025-06-30 11:14:19;692787885;2025-06-30 11:13:21;2025-06-30 11:14:19;Jsax2;Melodic;Solo - A - Familiar;Group9;Solo;A;180;5;28;4.1;1.9;5;4.8;5;5;1;1.3;1;2.3;Estive focado na performance musical.;.m4a
88;JOBRA;2025-06-30 11:34:22;324109954;2025-06-30 11:30:57;2025-06-30 11:34:22;Jpiano2;Harmonic;Solo - A - Familiar;Group8;Solo;A;170;2;10;3;4;4;4;4;4.5;1.6;1;3.6;1.8;A minha mente esteve “em branco” ou sem qualquer tipo de pensamento ativo.;.mp3
95;JOBRA;2025-06-30 11:49:38;921715116;2025-06-30 11:48:09;2025-06-30 11:49:38;Jguitar4;Harmonic;Solo - A - Familiar;Group5;Solo;A;130;3;0;5;2;5;5;4;5;1.5;1.5;2;1.5;Estive focado na performance musical.;.mp3
96;JOBRA;2025-06-30 11:52:18;2033931637;2025-06-30 11:49:57;2025-06-30 11:52:18;Jsax3;Melodic;Solo - A - Familiar;Group6;Solo;A;170;2;40;4.2;2.2;5;5;5;4.5;1;1;1;2.9;Estive focado na performance musical.;.m4a
102;JOBRA;2025-06-30 12:13:49;1814428406;2025-06-30 12:11:42;2025-06-30 12:13:49;Jguitar5;Harmonic;Solo - A - Familiar;Group6;Solo;A;160;5;8;2.6;3.3;3.2;2.3;3.7;3.5;1.5;3.9;4.1;3.8;Estive focado em aspetos secundários e interferentes da performance musical.;.mp3
103;JOBRA;2025-06-30 12:15:41;2105999598;2025-06-30 12:13:40;2025-06-30 12:15:41;Jtrombone1;Melodic;Solo - A - Familiar;no_group;Solo;A;120;1;25;2.6;2.3;4.1;2.2;5;2.4;1;1.7;2.2;2.3;A minha mente esteve “em branco” ou sem qualquer tipo de pensamento ativo.;.m4a
104;JOBRA;2025-06-30 12:17:02;1952904203;2025-06-30 12:15:19;2025-06-30 12:17:02;Jpiano3;Harmonic;Solo - A - Familiar;Group9;Solo;A;180;3;48;3.8;1.9;4;4.3;4.5;3.9;1;1;3.7;2.4;A minha mente esteve “em branco” ou sem qualquer tipo de pensamento ativo.;.mp3
110;JOBRA;2025-06-30 12:46:52;345864287;2025-06-30 12:44:51;2025-06-30 12:46:52;Jsax1;Melodic;Solo - A - Familiar;Group3;Solo;A;180;5;0;3.4;3.4;3.4;3.3;3.6;4;1.8;2.8;3.4;3.6;Estive focado na performance musical.;.m4a
112;JOBRA;2025-06-30 12:50:53;1445309795;2025-06-30 12:49:25;2025-06-30 12:50:53;Jsax5;Melodic;Solo - A - Familiar;Group8;Solo;A;165;3;10;4;1;4;3.5;5;3.9;1;1;3.5;1;Estive focado na performance musical.;.mp3
114;JOBRA;2025-06-30 12:52:28;699178526;2025-06-30 12:51:08;2025-06-30 12:52:28;Jguitar6;Harmonic;Solo - A - Familiar;no_group;Solo;A;125;3;0;4.6;1.9;4.6;4.3;3.3;5;1.2;1.3;1.3;1.4;Estive focado na performance musical.;.mp3
116;JOBRA;2025-06-30 13:08:11;1742016480;2025-06-30 13:01:54;2025-06-30 13:08:10;Jvoice1;Melodic;Solo - A - Familiar;Group3;Solo;A;125;1;15;3.9;2.8;5;3.5;4.2;3.7;2;2.5;3;3.5;Estive focado na performance musical.;.mp3
117;JOBRA;2025-06-30 13:11:14;1073536704;2025-06-30 13:09:02;2025-06-30 13:11:14;Jguitar8;Harmonic;Solo - A - Familiar;Group9;Solo;A;180;4;40;2;2.7;2.8;1.9;2.6;2.6;1.9;3.8;3.7;3.3;Estive focado em aspetos secundários e interferentes da performance musical.;.mp3
119;JOBRA;2025-06-30 13:16:54;862702871;2025-06-30 13:15:23;2025-06-30 13:16:54;Jvoice10;Melodic;Solo - A - Familiar;Group8;Solo;A;160;4;8;3;3.6;3.4;2.9;1;4.1;2.8;1.2;1;3.9;Estive focado em aspetos secundários e interferentes da performance musical.;.m4a
124;JOBRA;2025-06-30 13:37:01;1412858960;2025-06-30 13:33:39;2025-06-30 13:37:01;Jdrum6;Drum;Solo - A - Familiar;Group6;Solo;A;150;3;30;2;2;3;4;4.5;4;1;1;1.5;3;Estive focado em aspetos secundários e interferentes da performance musical.;.m4a
127;JOBRA;2025-06-30 13:48:10;2092919138;2025-06-30 13:43:47;2025-06-30 13:48:10;Jvoice8;Melodic;Solo - A - Familiar;Group6;Solo;A;140;5;17;2.4;3.4;3;3.3;1.9;3.6;1.7;3.4;4.1;2.4;A minha mente esteve “em branco” ou sem qualquer tipo de pensamento ativo.;.mp3
131;JOBRA;2025-06-30 13:57:20;313769556;2025-06-30 13:55:43;2025-06-30 13:57:20;Jvoice9;Melodic;Solo - A - Familiar;Group7;Solo;A;120;1;50;3.5;2.2;3;2.7;3.5;3.9;2.8;2.9;1.9;3.4;Estive focado na performance musical.;.mp3
135;JOBRA;2025-06-30 15:43:16;1800688287;2025-06-30 15:40:07;2025-06-30 15:43:16;Jvoice5;Melodic;Solo - A - Familiar;Group4;Solo;A;135;5;30;2.5;3;1;2;2;4;4.5;1;4;3.5;Estive focado em aspetos secundários e interferentes da performance musical.;.mp3
139;JOBRA;2025-06-30 15:50:02;1419083022;2025-06-30 15:48:22;2025-06-30 15:50:02;Jguitar7;Harmonic;Solo - A - Familiar;Group7;Solo;A;180;3;0;5;1;5;5;5;5;1;1;4.6;1;Estive focado na performance musical.;.mp3
140;JOBRA;2025-06-30 15:57:29;1553966792;2025-06-30 15:55:37;2025-06-30 15:57:29;Jdrum3;Drum;Solo - A - Familiar;Group9;Solo;A;170;2;30;2.2;3.5;4.3;1.7;4.2;3.7;3.6;4.6;3.9;4.6;Estive focado em aspetos secundários e interferentes da performance musical.;.m4a
142;JOBRA;2025-06-30 16:10:10;1361292183;2025-06-30 16:06:35;2025-06-30 16:10:10;Jdrum2;Drum;Solo - A - Familiar;Group3;Solo;A;140;2;50;1.5;3;2.7;2.2;1.8;1.8;1;4.2;4.1;1.5;A minha mente esteve “em branco” ou sem qualquer tipo de pensamento ativo.;.m4a
145;JOBRA;2025-06-30 16:19:54;808874780;2025-06-30 16:17:29;2025-06-30 16:19:54;Jvoice6;Melodic;Solo - A - Familiar;Group5;Solo;A;80;3;30;4;2;4.2;3;2.3;3.8;2;2;3.5;3.4;Estive focado na performance musical.;.mp3
148;JOBRA;2025-06-30 16:26:35;1676032711;2025-06-30 16:24:43;2025-06-30 16:26:35;Jvoice4;Melodic;Solo - A - Familiar;no_group;Solo;A;160;3;0;2.7;2.6;3.4;3.4;4;3.5;3;1.8;1.6;2.1;Estive focado na performance musical.;.mp3
151;JOBRA;2025-06-30 16:46:03;1987683915;2025-06-30 16:44:28;2025-06-30 16:46:03;Jdrum7;Drum;Solo - A - Familiar;Group7;Solo;A;140;4;47;4.8;1.7;5;5;5;5;4.3;4;4.2;4.1;Estive focado na performance musical.;.m4a
153;JOBRA;2025-06-30 17:05:33;1784336989;2025-06-30 17:03:37;2025-06-30 17:05:33;Jvoice11;Melodic;Solo - A - Familiar;no_group;Solo;A;135;2;7;3.2;2.2;5;4.2;4.1;5;1;5;2.2;1.1;Estive focado na performance musical.;.mp3
154;JOBRA;2025-06-30 17:06:09;1621067136;2025-06-30 17:03:48;2025-06-30 17:06:09;Jvoice3;Melodic;Solo - A - Familiar;no_group;Solo;A;170;6;16;1.8;3.5;3.5;2.4;3.6;3.4;3.7;2.9;2.7;2.4;Estive focado em algo não diretamente relacionado com a performance musical.;.mp3
159;JOBRA;2025-06-30 17:24:36;1046319551;2025-06-30 17:22:39;2025-06-30 17:24:36;Jdrum5;Drum;Solo - A - Familiar;Group5;Solo;A;140;4;20;3.9;2;4;4;4;4;2.4;3.8;4;3.8;Estive focado em elementos físicos da sala que não tinham relação com a performance musical.;.m4a
165;JOBRA;2025-07-04 11:59:11;1878756511;2025-07-04 11:55:51;2025-07-04 11:59:11;Jsax4;Melodic;Solo - A - Familiar;Group7;Solo;A;180;10;30;2.3;2;5;2;5;3;2;3;2;2;Estive focado na performance musical.;.mp3
166;JOBRA;2025-07-04 12:18:09;1968869705;2025-07-04 12:13:57;2025-07-04 12:18:09;Jdrum4;Drum;Solo - A - Familiar;Group4;Solo;A;180;3;4;2.6;3;3;2.2;2.2;2.7;4.2;3.6;3;3.6;Estive focado em aspetos secundários e interferentes da performance musical.;.mp3
;PJ;2025-10-10 11:01:17;1118826226;2025-10-10 11:00:04;2025-10-10 11:01:17;PJ2harmonic1;Harmonic;Solo - A - Familiar;Group10;Solo;A;170;4;7;4.1;2.4;3.7;4.1;4.4;4.2;2.8;2.1;2.4;1.4;Estive focado na performance musical.;.m4a
;PJ;2025-10-10 11:33:46;1606069477;2025-10-10 11:30:38;2025-10-10 11:33:46;PJ2melodic1;Melodic;Grupo - A - Familiar;Group10;Group;A;150;4;10;3.4;2.2;3.7;4.1;4.2;4.6;1.8;1.7;3.5;1.5;Estive focado em aspetos secundários e interferentes da performance musical.;.m4a
;PJ;2025-10-10 11:32:12;1733401239;2025-10-10 11:30:38;2025-10-10 11:32:12;PJ2harmonic1;Harmonic;Grupo - A - Familiar;Group10;Group;A;150;3;7;4.5;2.7;4.3;4.7;4;4.8;1.4;1.1;1.4;1.4;Estive focado na performance musical.;.m4a
;PJ;2025-10-10 11:33:27;1094624644;2025-10-10 11:30:47;2025-10-10 11:33:27;PJ2bass1;Bass;Grupo - A - Familiar;Group10;Group;A;150;3;45;3;3;3.5;3;4.4;2.4;2.3;2.5;4;2.5;Estive focado em algo não diretamente relacionado com a performance musical.;.m4a
;PJ;2025-10-10 11:50:28;344534815;2025-10-10 11:47:30;2025-10-10 11:50:28;PJ2bass1;Bass;Solo - A - Familiar;Group10;Solo;A;180;5;0;2.5;3;3.5;3.8;3;4;3.5;3.5;4;3.5;Estive focado na performance musical.;.m4a
;PJ;2025-10-10 11:55:00;1136270981;2025-10-10 11:53:15;2025-10-10 11:55:00;PJ2melodic1;Melodic;Solo - A - Familiar;Group10;Solo;A;160;2;30;2.5;2.5;3.5;3.5;4.1;3.7;1;2.5;3.6;3.5;Estive focado na performance musical.;.m4a
;PJ;2025-10-10 12:20:07;967795170;2025-10-10 12:16:50;2025-10-10 12:20:07;PJ2bass2;Bass;Solo - A - Familiar;Group11;Solo;A;180;1;40;2;2.9;4.1;3.9;3.8;3.7;4.1;3.8;3.7;3;Estive focado na performance musical.;.m4a
;PJ;2025-10-10 12:25:33;2104330629;2025-10-10 12:21:33;2025-10-10 12:25:33;pj2harmonic2;Harmonic;Solo - A - Familiar;Group11;Solo;A;150;4;12;3.9;2.9;3.8;1.5;3.1;3;1.1;3;4.1;3;Estive focado na performance musical.;.m4a
;PJ;2025-10-10 13:11:04;1883821624;2025-10-10 13:06:46;2025-10-10 13:11:04;pj2harmonic2;Harmonic;Grupo - A - Familiar;Group11;Group;A;120;5;7;3;3.6;1.3;1.8;3.9;2.9;4.1;1.7;3;2.9;Estive focado em aspetos secundários e interferentes da performance musical.;.m4a
;PJ;2025-10-10 13:11:16;901288965;2025-10-10 13:07:02;2025-10-10 13:11:16;PJ2drum2;Drum;Grupo - A - Familiar;Group11;Group;A;120;4;48;2.2;3.2;2.6;2;3.4;3.5;3;2.8;2.5;3.2;Estive focado na performance musical.;.m4a
;PJ;2025-10-10 13:09:17;1722656889;2025-10-10 13:07:13;2025-10-10 13:09:17;PJ2bass2;Bass;Grupo - A - Familiar;Group11;Group;A;120;4;30;3.1;2.2;3.8;2.1;4.3;4.1;1.9;1.8;1;1.9;Estive focado na performance musical.;.m4a
;PJ;2025-10-10 13:11:14;332710441;2025-10-10 13:07:20;2025-10-10 13:11:14;PJ2melody2;Melodic;Grupo - A - Familiar;Group11;Group;A;120;5;20;2.4;2.3;3.7;3.8;4;4;1;1.9;1.4;3.5;Estive focado na performance musical.;.m4a
;PJ;2025-10-10 13:19:31;1365412721;2025-10-10 13:17:11;2025-10-10 13:19:31;PJ2drum2;Drum;Solo - A - Familiar;Group11;Solo;A;140;3;26;3.8;4.1;3.5;1.7;3.8;2.7;1.4;4.3;3.8;4.2;Estive focado em aspetos secundários e interferentes da performance musical.;.m4a
;PJ;2025-10-10 13:28:13;267888220;2025-10-10 13:25:17;2025-10-10 13:28:13;PJ2melody2;Melodic;Solo - A - Familiar;Group11;Solo;A;150;3;42;3.1;4.1;4.4;4.6;1.9;4.7;1.5;1.4;1.3;1.2;Estive focado na performance musical.;.m4a
11;PJ;2025-02-03 16:56:56;1293932503;2025-02-03 16:53:30;2025-02-03 16:56:56;oa07D;Drum;Grupo - C - Livre;Group0;Group;C;190;4;20;3;3.4;5;5;4.2;5;1;1;1;1;A minha mente esteve “em branco” ou sem qualquer tipo de pensamento ativo.;.mp3
12;PJ;2025-02-03 16:56:39;455720955;2025-02-03 16:53:33;2025-02-03 16:56:39;OA05M;Melodic;Grupo - C - Livre;Group0;Group;C;190;4;50;4.8;1;4.7;4.7;5;4.7;1;1.4;4.2;1;Estive focado na performance musical.;.mp3
13;PJ;2025-02-03 16:57:09;1886268383;2025-02-03 16:53:34;2025-02-03 16:57:09;oa03B;Bass;Grupo - C - Livre;Group0;Group;C;190;5;30;4.4;2;4.5;4.5;4;4.5;1;1;2;1;Estive focado na performance musical.;.mp3
14;PJ;2025-02-03 16:57:01;1007617542;2025-02-03 16:53:37;2025-02-03 16:57:01;LA06H;Harmonic;Grupo - C - Livre;Group0;Group;C;190;5;0;4.5;1.5;5;5;5;5;1;1;1.2;2;Estive focado na performance musical.;.mp3
30;PJ;2025-02-04 12:56:57;1440371977;2025-02-04 12:27:40;2025-02-04 12:56:57;hh04H;Harmonic;Grupo - C - Livre;Group1;Group;C;120;3;0;5;1.9;5;3.6;5;3.8;1.7;1.9;3.3;1.9;Estive focado na performance musical.;.mp3
31;PJ;2025-02-04 12:57:46;1807605720;2025-02-04 12:52:03;2025-02-04 12:57:46;MM04M;Melodic;Grupo - C - Livre;Group1;Group;C;120;2;15;3;4;4.5;4.6;4;5;1;1.2;1;1.2;Estive focado na performance musical.;.mp3
32;PJ;2025-02-04 12:55:02;1504670655;2025-02-04 12:52:20;2025-02-04 12:55:02;ea09D;Drum;Grupo - C - Livre;Group1;Group;C;120;1;30;5;1.2;5;5;5;5;1;1;1;1.4;Estive focado na performance musical.;.mp3
33;PJ;2025-02-04 12:56:34;421134874;2025-02-04 12:52:36;2025-02-04 12:56:34;BB04B;Bass;Grupo - C - Livre;Group1;Group;C;120;2;0;3;1;5;5;5;4.2;1;1;1;1;Estive focado na performance musical.;.mp3
55;PJ;2025-02-04 16:24:40;1879830825;2025-02-04 16:21:46;2025-02-04 16:24:40;Ao07tM;Melodic;Grupo - C - Livre;Group2;Group;C;180;6;0;3.2;2.6;3.9;3.5;4;4.4;4;1.7;1.8;1.6;Estive focado na performance musical.;.mp3
56;PJ;2025-02-04 16:24:33;1433719205;2025-02-04 16:21:48;2025-02-04 16:24:33;oa11D;Drum;Grupo - C - Livre;Group2;Group;C;180;3;33;3.3;2.4;4.4;4.3;3.6;3.9;1.8;2.3;3.3;1;Estive focado na performance musical.;.mp3
57;PJ;2025-02-04 16:24:04;1492602245;2025-02-04 16:21:56;2025-02-04 16:24:04;Oa08H;Harmonic;Grupo - C - Livre;Group2;Group;C;180;3;35;4;3.4;4.5;4.2;3.4;4.3;1.6;2.3;4;2.2;Estive focado na performance musical.;.mp3
58;PJ;2025-02-04 16:25:22;237864260;2025-02-04 16:22:19;2025-02-04 16:25:22;Bb04tB;Bass;Grupo - C - Livre;Group2;Group;C;180;3;30;4.4;3.5;4.7;4.3;2;4.8;1.6;1;1.5;1;Estive focado na performance musical.;.mp3
167;JOBRA;2025-07-04 12:19:24;1810810323;2025-07-04 12:15:20;2025-07-04 12:19:24;Jsax4;Melodic;Grupo - C - Livre;Group7;Group;C;140;10;0;4.0;2.0;5.0;2.0;4.0;5.0;1.0;1.0;1.0;4.0;Estive focado na performance musical.;.m4a
169;JOBRA;2025-07-04 12:18:32;794350849;2025-07-04 12:15:33;2025-07-04 12:18:32;Jguitar7;Harmonic;Grupo - C - Livre;Group7;Group;C;140;3;13;3.4;3.0;3.0;3.5;1.0;5.0;1.0;1.0;4.0;2.0;Estive focado na performance musical.;.m4a
170;JOBRA;2025-07-04 12:18:30;2137236050;2025-07-04 12:15:38;2025-07-04 12:18:30;Jvoice9;Melodic;Grupo - C - Livre;Group7;Group;C;140;3;5;3.1;2.7;2.7;3.5;2.3;4.0;1.9;1.8;2.0;1.7;Estive focado na performance musical.;.m4a
171;JOBRA;2025-07-04 12:18:20;1671067166;2025-07-04 12:15:58;2025-07-04 12:18:20;Jdrum7;Drum;Grupo - C - Livre;Group7;Group;C;140;3;24;5.0;4.0;2.1;5.0;4.4;5.0;2.0;4.0;2.0;3.8;Estive focado em aspetos secundários e interferentes da performance musical.;.m4a
190;JOBRA;2025-07-04 12:59:23;1381914821;2025-07-04 12:57:54;2025-07-04 12:59:23;Jdrum6;Drum;Grupo - C - Livre;Group6;Group;C;120;4;45;3.0;3.0;5.0;5.0;4.0;5.0;1.0;1.0;1.0;1.0;Estive focado na performance musical.;.m4a
191;JOBRA;2025-07-04 12:59:24;504205140;2025-07-04 12:57:57;2025-07-04 12:59:24;Jvoice8;Melodic;Grupo - C - Livre;Group6;Group;C;120;3;32;4.0;3.1;3.7;3.4;1.7;3.6;2.1;3.5;3.7;3.3;Estive focado na performance musical.;.m4a
192;JOBRA;2025-07-04 12:59:26;1624951724;2025-07-04 12:57:58;2025-07-04 12:59:26;Jguitar5;Harmonic;Grupo - C - Livre;Group6;Group;C;120;3;5;5.0;1.0;4.7;4.2;1.5;4.4;1.6;1.7;4.0;1.2;A minha mente esteve “em branco” ou sem qualquer tipo de pensamento ativo.;.m4a
193;JOBRA;2025-07-04 12:59:29;846825110;2025-07-04 12:57:59;2025-07-04 12:59:29;Jsax3;Melodic;Grupo - C - Livre;Group6;Group;C;120;5;20;5.0;3.5;4.3;5.0;5.0;4.4;1.0;1.5;1.6;2.2;Estive focado na performance musical.;.m4a
194;JOBRA;2025-07-04 13:12:41;236070851;2025-07-04 13:10:18;2025-07-04 13:12:41;Jsax1;Melodic;Grupo - C - Livre;Group3;Group;C;160;3;0;2.4;3.4;3.6;3.8;2.5;4.0;2.0;2.2;2.2;3.8;Estive focado na performance musical.;.m4a
196;JOBRA;2025-07-04 13:14:29;59177910;2025-07-04 13:10:45;2025-07-04 13:14:29;Jdrum2;Drum;Grupo - C - Livre;Group3;Group;C;160;2;15;4.0;2.0;5.0;5.0;3.5;4.8;1.0;1.0;1.0;3.1;Estive focado na performance musical.;.m4a
197;JOBRA;2025-07-04 13:15:08;1181163610;2025-07-04 13:12:54;2025-07-04 13:15:08;Jvoice1;Melodic;Grupo - C - Livre;Group3;Group;C;160;1;30;4.4;3.0;4.5;4.4;2.5;4.6;1.0;1.1;4.1;2.3;Estive focado na performance musical.;.m4a
208;JOBRA;2025-07-04 13:59:01;1439452294;2025-07-04 13:56:56;2025-07-04 13:59:01;Jdrum4;Drum;Grupo - C - Livre;Group4;Group;C;130;2;5;3.0;3.7;4.5;4.0;1.5;4.2;1.8;2.2;2.0;3.8;Estive focado na performance musical.;.m4a
209;JOBRA;2025-07-04 13:58:24;127604863;2025-07-04 13:57:00;2025-07-04 13:58:24;Jbass1;Bass;Grupo - C - Livre;Group4;Group;C;130;1;30;4.1;3.3;3.3;5.0;3.1;5.0;1.0;1.0;1.0;1.0;Estive focado na performance musical.;.m4a
210;JOBRA;2025-07-04 13:58:42;1252600265;2025-07-04 13:57:01;2025-07-04 13:58:42;Jpiano1;Harmonic;Grupo - C - Livre;Group4;Group;C;130;3;10;3.6;1.6;3.9;4.6;3.5;5.0;1.1;1.0;3.4;2.2;Estive focado na performance musical.;.m4a
211;JOBRA;2025-07-04 13:58:40;1911774606;2025-07-04 13:57:05;2025-07-04 13:58:40;Jvoice5;Melodic;Grupo - C - Livre;Group4;Group;C;130;5;20;5.0;4.0;5.0;5.0;1.0;4.5;2.0;1.0;1.0;4.0;Estive focado na performance musical.;.m4a
220;JOBRA;2025-07-04 15:57:12;199387929;2025-07-04 15:55:36;2025-07-04 15:57:12;Jsax2;Melodic;Grupo - C - Livre;Group9;Group;C;170;5;0;4.2;1.0;3.7;5.0;5.0;4.6;1.3;1.4;1.4;1.1;Estive focado na performance musical.;.m4a
221;JOBRA;2025-07-04 15:57:03;899809186;2025-07-04 15:55:47;2025-07-04 15:57:03;Jguitar8;Harmonic;Grupo - C - Livre;Group9;Group;C;170;5;34;2.6;3.4;3.0;3.2;3.5;3.3;1.0;3.1;2.1;3.2;Estive focado na performance musical.;.m4a
222;JOBRA;2025-07-04 15:57:07;1775937943;2025-07-04 15:55:47;2025-07-04 15:57:07;Jpiano3;Harmonic;Grupo - C - Livre;Group9;Group;C;170;4;39;4.3;1.5;4.8;4.5;3.8;4.2;1.0;1.2;4.3;1.1;A minha mente esteve “em branco” ou sem qualquer tipo de pensamento ativo.;.m4a
223;JOBRA;2025-07-04 15:57:25;1447280906;2025-07-04 15:55:59;2025-07-04 15:57:25;Jdrum3;Drum;Grupo - C - Livre;Group9;Group;C;170;3;25;2.3;3.6;5.0;4.7;1.8;4.0;2.0;2.2;3.8;2.2;Estive focado na performance musical.;.m4a
234;JOBRA;2025-07-04 16:36:32;333616066;2025-07-04 16:33:44;2025-07-04 16:36:32;Jguitar4;Harmonic;Grupo - C - Livre;Group5;Group;C;140;3;0;2.4;4.4;4.0;4.1;2.3;4.1;2.0;2.2;2.9;3.9;Estive focado na performance musical.;.m4a
235;JOBRA;2025-07-04 16:35:37;237202405;2025-07-04 16:33:54;2025-07-04 16:35:37;Jdrum5;Drum;Grupo - C - Livre;Group5;Group;C;140;3;15;5.0;1.0;5.0;4.4;2.5;5.0;1.7;1.6;4.4;1.6;Estive focado na performance musical.;.m4a
236;JOBRA;2025-07-04 16:36:41;492979181;2025-07-04 16:34:10;2025-07-04 16:36:41;Jvoice6;Melodic;Grupo - C - Livre;Group5;Group;C;140;3;13;5;1;5;3;3;5;2;3;3;2.1;Estive focado na performance musical.;.m4a
240;JOBRA;2025-07-04 16:49:30;959721070;2025-07-04 16:48:08;2025-07-04 16:49:30;Jsax5;Melodic;Grupo - C - Livre;Group8;Group;C;130;3;10;3.0;3.5;5.0;5.0;2.5;5.0;1.0;1.0;1.0;1.0;Estive focado na performance musical.;.m4a
241;JOBRA;2025-07-04 16:49:34;990404047;2025-07-04 16:48:17;2025-07-04 16:49:34;Jvoice10;Melodic;Grupo - C - Livre;Group8;Group;C;130;1;1;3.0;3.8;5.0;5.0;1.0;5.0;1.0;1.0;1.0;3.0;Estive focado na performance musical.;.m4a
242;JOBRA;2025-07-04 16:49:53;29427041;2025-07-04 16:48:19;2025-07-04 16:49:53;Jpiano2;Harmonic;Grupo - C - Livre;Group8;Group;C;130;3;23;2.6;2.7;4.0;4.2;3.7;4.5;2.7;2.4;2.4;2.5;Estive focado na performance musical.;.m4a
17;PJ;2025-02-03 17:17:26;1849994015;2025-02-03 17:14:28;2025-02-03 17:17:26;oa03B;Bass;Solo - C - Livre;Group0;Solo;C;130;3;30;4;2;4;4.4;2.5;4;1;1.2;3.5;3;Estive focado na performance musical.;.mp3
20;PJ;2025-02-03 17:41:09;1166630692;2025-02-03 17:39:59;2025-02-03 17:41:09;LA06H;Harmonic;Solo - C - Livre;Group0;Solo;C;160;4;0;4.5;2;5;5;4.5;5;1;1;1.5;2.5;Estive focado na performance musical.;.mp3
21;PJ;2025-02-03 18:14:09;1813495460;2025-02-03 18:12:27;2025-02-03 18:14:09;OA05M;Melodic;Solo - C - Livre;Group0;Solo;C;130;2;0;2.3;2.4;3.7;2.3;5;2.9;2.1;2.5;2.9;4.5;Estive focado em aspetos secundários e interferentes da performance musical.;.mp3
24;PJ;2025-02-03 18:37:14;710439264;2025-02-03 18:32:45;2025-02-03 18:37:14;oa07D;Drum;Solo - C - Livre;Group0;Solo;C;120;3;51;2.9;2;5;4.1;4.5;5;1.4;1;5;1.4;A minha mente esteve “em branco” ou sem qualquer tipo de pensamento ativo.;.mp3
29;PJ;2025-02-04 12:30:33;2123453281;2025-02-04 12:25:22;2025-02-04 12:30:33;ea09D;Drum;Solo - C - Livre;Group1;Solo;C;160;3;42;3.2;1;5;4.7;5;4.6;1.3;1.8;1;1.9;Estive focado na performance musical.;.mp3
43;PJ;2025-02-04 13:31:38;1659072754;2025-02-04 13:29:54;2025-02-04 13:31:38;hh04H;Harmonic;Solo - C - Livre;Group1;Solo;C;180;4;18;3.4;3.4;5;3.5;5;3.7;2.2;2.1;2.5;2.2;Estive focado na performance musical.;.mp3
45;PJ;2025-02-04 13:40:49;2109163959;2025-02-04 13:39:00;2025-02-04 13:40:49;BB04B;Bass;Solo - C - Livre;Group1;Solo;C;130;3;0;2;1;5;5;5;5;1;1;1;1;Estive focado na performance musical.;.mp3
49;PJ;2025-02-04 14:07:03;1231277398;2025-02-04 14:03:28;2025-02-04 14:07:03;MM04M;Melodic;Solo - C - Livre;Group1;Solo;C;180;3;10;2.7;2.7;4.6;5;4;5;1;1;1.5;1.5;Estive focado na performance musical.;.mp3
64;PJ;2025-02-04 16:45:23;1116292652;2025-02-04 16:43:11;2025-02-04 16:45:23;Bb04tB;Bass;Solo - C - Livre;Group2;Solo;C;130;2;6;4.7;4;5;4.7;1.9;4.1;1.8;1.5;1.8;1.3;Estive focado na performance musical.;.mp3
66;PJ;2025-02-04 16:59:17;1221092659;2025-02-04 16:57:17;2025-02-04 16:59:17;Ao07tM;Melodic;Solo - C - Livre;Group2;Solo;C;140;3;30;2.2;1.7;4;4.4;4.2;4.5;1.9;4.3;3.2;2.2;Estive focado na performance musical.;.wav
70;PJ;2025-02-04 17:20:27;1599386165;2025-02-04 17:19:12;2025-02-04 17:20:27;Oa08H;Harmonic;Solo - C - Livre;Group2;Solo;C;140;3;10;4.2;4;3.3;4.5;3.3;4.3;1.7;1.5;4.7;1.3;Estive focado em aspetos secundários e interferentes da performance musical.;.mp3
72;PJ;2025-02-04 17:32:24;1686231268;2025-02-04 17:30:42;2025-02-04 17:32:24;oa11D;Drum;Solo - C - Livre;Group2;Solo;C;130;3;6;2.8;4;5;4.2;3.9;4.3;1.3;1.3;1.5;1.3;Estive focado na performance musical.;.mp3
79;JOBRA;2025-06-30 11:07:18;199458110;2025-06-30 11:04:29;2025-06-30 11:07:18;Jbass1;Bass;Solo - C - Livre;Group4;Solo;C;140;2;50;2;1.5;4;4;4.3;4.5;1;1.7;1;2;Estive focado na performance musical.;.mp3
81;JOBRA;2025-06-30 11:08:54;1269600752;2025-06-30 11:06:49;2025-06-30 11:08:54;Jsax2;Melodic;Solo - C - Livre;Group9;Solo;C;130;3;11;3.9;1;5;4.2;4;4.2;1.1;1.1;1.9;4;Estive focado na performance musical.;.m4a
82;JOBRA;2025-06-30 11:12:32;1765311808;2025-06-30 11:10:49;2025-06-30 11:12:32;Jpiano1;Harmonic;Solo - C - Livre;Group4;Solo;C;140;3;30;4.3;2.8;5;3.7;2.4;4.1;1.5;1.3;3.4;2;A minha mente esteve “em branco” ou sem qualquer tipo de pensamento ativo.;.mp3
89;JOBRA;2025-06-30 11:39:26;382562089;2025-06-30 11:36:23;2025-06-30 11:39:26;Jsax3;Melodic;Solo - C - Livre;Group6;Solo;C;180;4;30;3.8;2.7;4.3;4.5;5;4.7;1;1;1.6;2.2;Estive focado na performance musical.;.m4a
92;JOBRA;2025-06-30 11:44:56;1679448785;2025-06-30 11:42:52;2025-06-30 11:44:56;Jguitar4;Harmonic;Solo - C - Livre;Group5;Solo;C;175;3;0;2.5;2;5;5;2.2;5;3.3;3.9;3.6;1.5;Estive focado em aspetos secundários e interferentes da performance musical.;.mp3
94;JOBRA;2025-06-30 11:48:00;1262205210;2025-06-30 11:45:18;2025-06-30 11:48:00;Jpiano2;Harmonic;Solo - C - Livre;Group8;Solo;C;150;3;30;2.8;4;5;3.7;3.7;4.3;1.6;3.5;3.5;3.5;Estive focado em aspetos secundários e interferentes da performance musical.;.mp3
99;JOBRA;2025-06-30 12:08:03;1483730443;2025-06-30 12:05:08;2025-06-30 12:08:03;Jguitar5;Harmonic;Solo - C - Livre;Group6;Solo;C;170;3;8;3.9;4.5;5;3.7;3.2;2.8;1.5;2;3.1;2.2;A minha mente esteve “em branco” ou sem qualquer tipo de pensamento ativo.;.mp3
100;JOBRA;2025-06-30 12:10:37;832375174;2025-06-30 12:08:43;2025-06-30 12:10:37;Jtrombone1;Melodic;Solo - C - Livre;no_group;Solo;C;150;3;37;4.3;1.7;4.3;3.8;4.3;3.5;1;1.3;1;1;A minha mente esteve “em branco” ou sem qualquer tipo de pensamento ativo.;.m4a
101;JOBRA;2025-06-30 12:11:37;662152602;2025-06-30 12:09:56;2025-06-30 12:11:37;Jpiano3;Harmonic;Solo - C - Livre;Group9;Solo;C;170;3;44;3.4;2.3;4.7;4.5;5;4.2;1;1.4;4.4;2.1;A minha mente esteve “em branco” ou sem qualquer tipo de pensamento ativo.;.mp3
107;JOBRA;2025-06-30 12:41:03;1769462216;2025-06-30 12:37:38;2025-06-30 12:41:03;Jguitar6;Harmonic;Solo - C - Livre;no_group;Solo;C;170;3;0;4.2;2.2;1.7;4.7;4;4;2.8;3.2;3.2;3.1;Estive focado na performance musical.;.mp3
109;JOBRA;2025-06-30 12:45:31;2147131140;2025-06-30 12:43:49;2025-06-30 12:45:31;Jsax5;Melodic;Solo - C - Livre;Group8;Solo;C;140;3;40;5;1;4.5;3;3.5;4;1;4;4.5;1;A minha mente esteve “em branco” ou sem qualquer tipo de pensamento ativo.;.mp3
113;JOBRA;2025-06-30 12:53:15;1025045421;2025-06-30 12:50:17;2025-06-30 12:53:15;Jsax1;Melodic;Solo - C - Livre;Group3;Solo;C;160;3;30;3.8;2.2;4.2;3.4;3.6;4;1.6;3.6;3.3;3.5;Estive focado em aspetos secundários e interferentes da performance musical.;.m4a
115;JOBRA;2025-06-30 13:05:23;615253932;2025-06-30 12:59:15;2025-06-30 13:05:23;Jvoice10;Melodic;Solo - C - Livre;Group8;Solo;C;130;2;31;3.3;3.5;3.5;3.3;1;4.3;1;1;3.7;1;Estive focado na performance musical.;.m4a
122;JOBRA;2025-06-30 13:25:36;547881757;2025-06-30 13:23:00;2025-06-30 13:25:36;Jvoice1;Melodic;Solo - C - Livre;Group3;Solo;C;135;2;0;3;1.7;5;4.9;4.3;4.5;1.2;1.1;4.6;3;Estive focado na performance musical.;.mp3
123;JOBRA;2025-06-30 13:25:05;837389844;2025-06-30 13:23:42;2025-06-30 13:25:05;Jguitar8;Harmonic;Solo - C - Livre;Group9;Solo;C;130;3;20;3.8;2;4.2;4.2;4.1;3.8;1;2;2.4;1.8;Estive focado na performance musical.;.mp3
128;JOBRA;2025-06-30 13:47:09;1003152786;2025-06-30 13:45:06;2025-06-30 13:47:09;Jdrum6;Drum;Solo - C - Livre;Group6;Solo;C;160;5;0;4;3.5;5;5;3.5;5;1;2;1;2;Estive focado na performance musical.;.m4a
129;JOBRA;2025-06-30 13:52:42;1178814726;2025-06-30 13:50:51;2025-06-30 13:52:42;Jvoice9;Melodic;Solo - C - Livre;Group7;Solo;C;120;1;45;3;3;3.6;3.4;3.4;3.8;2.2;2.2;2.3;3;Estive focado na performance musical.;.mp3
132;JOBRA;2025-06-30 14:00:43;743349447;2025-06-30 13:58:57;2025-06-30 14:00:43;Jvoice8;Melodic;Solo - C - Livre;Group6;Solo;C;160;5;0;3.3;3.1;3.3;3.7;2.1;3.8;2.1;2.8;3.3;2.3;Estive focado na performance musical.;.mp3
133;JOBRA;2025-06-30 15:39:46;1168063428;2025-06-30 15:35:24;2025-06-30 15:39:46;Jdrum3;Drum;Solo - C - Livre;Group9;Solo;C;180;3;2;2.4;3.5;5;3.9;1.6;4.2;2.4;3.2;3.5;2.3;A minha mente esteve “em branco” ou sem qualquer tipo de pensamento ativo.;.m4a
134;JOBRA;2025-06-30 15:40:07;1320315569;2025-06-30 15:36:49;2025-06-30 15:40:07;Jguitar7;Harmonic;Solo - C - Livre;Group7;Solo;C;165;5;20;4;1.1;5;5;4.5;5;1;1;4;1;Estive focado na performance musical.;.mp3
138;JOBRA;2025-06-30 15:47:45;420520154;2025-06-30 15:46:28;2025-06-30 15:47:45;Jvoice5;Melodic;Solo - C - Livre;Group4;Solo;C;140;3;0;5;1.5;4.3;5;3.9;4;1;1;1;1;Estive focado na performance musical.;.mp3
141;JOBRA;2025-06-30 16:12:48;627961131;2025-06-30 16:04:19;2025-06-30 16:12:48;Jvoice6;Melodic;Solo - C - Livre;Group5;Solo;C;90;2;45;3.8;2;4;3;4.2;4;2;2;3.6;3;Estive focado na performance musical.;.mp3
143;JOBRA;2025-06-30 16:11:55;1301301190;2025-06-30 16:08:34;2025-06-30 16:11:55;Jvoice4;Melodic;Solo - C - Livre;no_group;Solo;C;135;2;2;3;3.5;4.1;4.5;2.1;4.1;1.7;2.1;3.5;3.8;Estive focado na performance musical.;.mp3
144;JOBRA;2025-06-30 16:16:28;1875572203;2025-06-30 16:13:47;2025-06-30 16:16:28;Jdrum2;Drum;Solo - C - Livre;Group3;Solo;C;170;3;50;3;2.2;4;3.7;4;3.9;1;1.5;2.3;4.3;Estive focado em aspetos secundários e interferentes da performance musical.;.m4a
150;JOBRA;2025-06-30 16:41:18;1976318424;2025-06-30 16:39:09;2025-06-30 16:41:18;Jdrum7;Drum;Solo - C - Livre;Group7;Solo;C;150;3;23;4.1;2.3;5;5;2.7;3.8;2.1;4.3;4.8;4.4;Estive focado em algo não diretamente relacionado com a performance musical.;.m4a
152;JOBRA;2025-06-30 16:59:43;1357326872;2025-06-30 16:55:52;2025-06-30 16:59:43;Jvoice3;Melodic;Solo - C - Livre;no_group;Solo;C;140;5;29;2.4;3.4;4.4;5;1;5;2.9;4.1;2.4;2.6;Estive focado na performance musical.;.mp3
155;JOBRA;2025-06-30 17:10:24;1931513646;2025-06-30 17:09:22;2025-06-30 17:10:24;Jvoice11;Melodic;Solo - C - Livre;no_group;Solo;C;160;4;5;3.8;2.5;3.8;3.8;5;5;1;5;1.6;1;Estive focado na performance musical.;.mp3
160;JOBRA;2025-06-30 17:29:12;1668039875;2025-06-30 17:27:18;2025-06-30 17:29:12;Jdrum5;Drum;Solo - C - Livre;Group5;Solo;C;130;2;15;4.2;2.3;4;4;4.2;4.2;2.4;2;2.2;1.9;Estive focado na performance musical.;.m4a
163;JOBRA;2025-07-04 11:43:53;1723785905;2025-07-04 11:39:30;2025-07-04 11:43:53;Jsax4;Melodic;Solo - C - Livre;Group7;Solo;C;130;5;30;3.6;2.4;4;2;1;3;1;2;3;5;Estive focado em aspetos secundários e interferentes da performance musical.;.mp3
172;JOBRA;2025-07-04 12:25:57;1458528199;2025-07-04 12:22:19;2025-07-04 12:25:57;Jdrum4;Drum;Solo - C - Livre;Group4;Solo;C;140;2;10;3.4;3.4;3.5;2.2;2;2;4.4;3.4;3.2;4.2;Estive focado em aspetos secundários e interferentes da performance musical.;.mp3
;PJ;2025-10-10 10:55:50;342768237;2025-10-10 10:53:51;2025-10-10 10:55:50;PJ2harmonic1;Harmonic;Solo - C - Livre;Group10;Solo;C;170;4;7;3.5;1.4;4.5;4.6;4.3;4.2;1.6;1.6;4.2;1.6;Estive focado na performance musical.;.m4a
;PJ;2025-10-10 11:23:12;67264097;2025-10-10 11:19:41;2025-10-10 11:23:12;PJ2melodic1;Melodic;Grupo - C - Livre;Group10;Group;C;180;3;30;3.7;2.1;4.1;3.9;4.6;4.4;1.8;1.6;1.7;1.3;Estive focado na performance musical.;.m4a
;PJ;2025-10-10 11:21:10;1600055350;2025-10-10 11:19:42;2025-10-10 11:21:10;PJ2harmonic1;Harmonic;Grupo - C - Livre;Group10;Group;C;180;3;7;4;2.7;4.4;5;3.5;5;1.1;1.2;3.9;1.2;Estive focado na performance musical.;.m4a
;PJ;2025-10-10 11:24:26;1091435598;2025-10-10 11:19:48;2025-10-10 11:24:26;PJ2bass1;Bass;Grupo - C - Livre;Group10;Group;C;180;4;50;3.9;2.2;4.5;3;3.9;3.7;2.4;2.6;3.6;3;Estive focado na performance musical.;.m4a
;PJ;2025-10-10 11:49:48;1652728349;2025-10-10 11:47:16;2025-10-10 11:49:48;PJ2melodic1;Melodic;Solo - C - Livre;Group10;Solo;C;160;3;10;2.2;3.5;4;2.6;3.6;4.1;3.3;3.4;2;3.6;Estive focado em aspetos secundários e interferentes da performance musical.;.m4a
;PJ;2025-10-10 11:55:38;1410959543;2025-10-10 11:53:29;2025-10-10 11:55:38;PJ2bass1;Bass;Solo - C - Livre;Group10;Solo;C;140;4;0;3.2;2.7;3.3;3.3;3;3.7;4;3.2;3.9;3.6;Estive focado na performance musical.;.m4a
;PJ;2025-10-10 12:27:16;134284412;2025-10-10 12:25:09;2025-10-10 12:27:16;PJ2bass2;Bass;Solo - C - Livre;Group11;Solo;C;130;2;0;2.4;2.9;4.3;3.9;3.5;3.7;2.2;1.9;3.3;1.8;A minha mente esteve “em branco” ou sem qualquer tipo de pensamento ativo.;.m4a
;PJ;2025-10-10 12:40:37;356653483;2025-10-10 12:38:20;2025-10-10 12:40:37;pj2harmonic2;Harmonic;Solo - C - Livre;Group11;Solo;C;170;4;6;3;2.5;4.8;4.1;4.2;4;1.5;3;1.5;3.1;Estive focado na performance musical.;.m4a
;PJ;2025-10-10 13:00:32;1909806003;2025-10-10 12:57:58;2025-10-10 13:00:32;PJ2drum2;Drum;Grupo - C - Livre;Group11;Group;C;180;4;4;2;2;4.2;3.6;4.2;4.3;2.3;2.5;1.9;3.5;Estive focado na performance musical.;.m4a
;PJ;2025-10-10 13:00:41;1182059276;2025-10-10 12:57:58;2025-10-10 13:00:41;PJ2bass2;Bass;Grupo - C - Livre;Group11;Group;C;180;4;0;2.4;2.6;3.8;2.5;3.7;3.9;3.1;3.9;4;3.9;Estive focado na performance musical.;.m4a
;PJ;2025-10-10 12:59:56;993110517;2025-10-10 12:57:58;2025-10-10 12:59:56;pj2harmonic2;Harmonic;Grupo - C - Livre;Group11;Group;C;180;5;6;3.1;3.1;4.1;3.1;4.3;3.8;3;3;1.5;2.9;Estive focado na performance musical.;.m4a
;PJ;2025-10-10 13:02:54;522382549;2025-10-10 12:58:01;2025-10-10 13:02:54;PJ2melody2;Melodic;Grupo - C - Livre;Group11;Group;C;180;4;43;2.4;1;4;4.2;3.6;3.9;1.2;4;2.8;1.3;Estive focado na performance musical.;.m4a
;PJ;2025-10-10 13:24:12;2052957668;2025-10-10 13:22:12;2025-10-10 13:24:12;PJ2drum2;Drum;Solo - C - Livre;Group11;Solo;C;130;2;57;3.7;2.9;4.6;4.3;3.8;4;3.3;3.4;1;2.7;Estive focado na performance musical.;.m4a
;PJ;2025-10-10 13:33:38;1776820249;2025-10-10 13:31:07;2025-10-10 13:33:38;PJ2melody2;Melodic;Solo - C - Livre;Group11;Solo;C;130;3;43;2.6;3.2;3.7;3.9;2.3;4.1;1.8;2.4;2.4;1.3;Estive focado na performance musical.;.m4a